Filename, N_kps1, N_kps2, N_kps1+N_kps2, average_match_rate, proximity_in_pixels, fit_converged, n_forward, n_backward, rank_forward, rank_backward
jenner001-2010.png, 1336, 1690, 3026, 0.237276933245, 4, -1, 415, 457, 0.385542168675, 0.483588621444
jenner002-2010.png, 1386, 1736, 3122, 0.256886611147, 4, -1, 468, 494, 0.386752136752, 0.402834008097
jenner003-2010.png, 1994, 1914, 3908, 0.288638689867, 4, -1, 661, 686, 0.490166414523, 0.424198250729
jenner004-2010.png, 869, 966, 1835, 0.383651226158, 4, -1, 408, 430, 0.240196078431, 0.255813953488
jenner005-2010.png, 854, 1209, 2063, 0.199709161415, 4, -1, 239, 249, 0.401673640167, 0.417670682731
jenner006-2010.png, 1570, 2199, 3769, 0.540726983285, 4, -1, 1118, 1170, 0.167262969589, 0.166666666667
jenner007-2010.png, 1250, 2001, 3251, 0.434943094432, 4, -1, 801, 858, 0.210986267166, 0.263403263403
jenner008-2010.png, 2150, 3346, 5496, 0.40538573508, 4, -1, 1238, 1324, 0.273021001616, 0.293806646526
jenner009-2010.png, 840, 1123, 1963, 0.397350993377, 4, -1, 453, 463, 0.17880794702, 0.200863930886
jenner010-2010.png, 724, 974, 1698, 0.2308598351, 4, -1, 222, 250, 0.256756756757, 0.432
jenner011-2010.png, 890, 753, 1643, 0.247108947048, 4, -1, 241, 247, 0.390041493776, 0.477732793522
jenner012-2010.png, 1523, 1986, 3509, 0.385294955828, 4, -1, 766, 825, 0.258485639687, 0.317575757576
jenner013-2010.png, 1636, 2200, 3836, 0.342022940563, 4, -1, 746, 773, 0.312332439678, 0.345407503234
jenner014-2010.png, 1337, 1361, 2698, 0.327650111193, 4, -1, 499, 538, 0.276553106212, 0.28624535316
jenner015-2010.png, 1017, 1080, 2097, 0.441583214115, 4, -1, 515, 532, 0.135922330097, 0.253759398496
jenner016-2010.png, 1309, 2044, 3353, 0.414554130629, 4, -1, 765, 847, 0.23137254902, 0.315230224321
jenner017-2010.png, 1228, 1132, 2360, 0.422033898305, 4, -1, 565, 604, 0.207079646018, 0.21357615894
jenner018-2010.png, 1348, 1743, 3091, 0.345519249434, 4, -1, 597, 645, 0.27135678392, 0.305426356589
jenner019-2010.png, 1478, 1297, 2775, 0.146306306306, 4, -1, 248, 267, 0.588709677419, 0.644194756554
jenner020-2010.png, 989, 1401, 2390, 0.396652719665, 4, -1, 534, 554, 0.230337078652, 0.250902527076
jenner021-2010.png, 1476, 2268, 3744, 0.318376068376, 4, -1, 668, 731, 0.360778443114, 0.407660738714
jenner022-2010.png, 1415, 1433, 2848, 0.353230337079, 4, -1, 561, 595, 0.251336898396, 0.280672268908
jenner023-2010.png, 1072, 1226, 2298, 0.512619669278, 4, -1, 661, 682, 0.121028744327, 0.178885630499
jenner024-2010.png, 1623, 2474, 4097, 0.478886990481, 4, -1, 1084, 1140, 0.179889298893, 0.248245614035
jenner025-2010.png, 2194, 2647, 4841, 0.537492253667, 4, -1, 1428, 1484, 0.152661064426, 0.153638814016
jenner026-2010.png, 1318, 1739, 3057, 0.316650310762, 4, -1, 553, 579, 0.267631103074, 0.3298791019
jenner027-2010.png, 1992, 2366, 4358, 0.321248279027, 4, -1, 790, 832, 0.258227848101, 0.337740384615
jenner028-2010.png, 636, 714, 1350, 0.285925925926, 4, -1, 222, 233, 0.418918918919, 0.412017167382
jenner029-2010.png, 1944, 2932, 4876, 0.448318293683, 4, -1, 1194, 1264, 0.208542713568, 0.219936708861
jenner030-2010.png, 1420, 2233, 3653, 0.45113605256, 4, -1, 908, 961, 0.212555066079, 0.209157127992
jenner031-2010.png, 1327, 1958, 3285, 0.456621004566, 4, -1, 824, 867, 0.212378640777, 0.227220299885
jenner032-2010.png, 1806, 2410, 4216, 0.479127134725, 4, -1, 1111, 1190, 0.213321332133, 0.258823529412
jenner033-2010.png, 1759, 2209, 3968, 0.487903225806, 4, -1, 1063, 1106, 0.218250235183, 0.224231464738
jenner034-2010.png, 1742, 2115, 3857, 0.311122634172, 4, -1, 665, 721, 0.251127819549, 0.302357836338
jenner035-2010.png, 2048, 2334, 4382, 0.393427658603, 4, -1, 971, 1007, 0.240988671473, 0.20953326713
jenner036-2010.png, 883, 1350, 2233, 0.371697268249, 4, -1, 459, 510, 0.235294117647, 0.256862745098
jenner037-2010.png, 1329, 2112, 3441, 0.373728567277, 4, -1, 722, 780, 0.211911357341, 0.25
jenner038-2010.png, 1001, 1637, 2638, 0.414708112206, 4, -1, 607, 657, 0.238879736409, 0.255707762557
jenner039-2010.png, 483, 732, 1215, 0.375308641975, 4, -1, 277, 283, 0.256317689531, 0.247349823322
jenner040-2010.png, 1013, 1391, 2404, 0.419301164725, 4, -1, 549, 604, 0.233151183971, 0.253311258278
jenner041-2010.png, 1641, 1929, 3570, 0.401120448179, 4, -1, 804, 820, 0.281094527363, 0.237804878049
jenner042-2010.png, 2083, 3109, 5192, 0.422573189522, 4, -1, 1215, 1303, 0.22304526749, 0.247889485802
jenner043-2010.png, 1566, 1872, 3438, 0.389179755672, 4, -1, 763, 780, 0.246395806029, 0.287179487179
jenner044-2010.png, 1060, 1458, 2518, 0.428117553614, 4, -1, 603, 642, 0.207296849088, 0.238317757009
jenner045-2010.png, 1221, 1880, 3101, 0.376007739439, 4, -1, 644, 699, 0.242236024845, 0.238912732475
jenner046-2010.png, 1455, 2268, 3723, 0.535589578297, 4, -1, 1087, 1147, 0.11223551058, 0.156059285092
jenner047-2010.png, 933, 1426, 2359, 0.395082662145, 4, -1, 514, 552, 0.270428015564, 0.226449275362
jenner048-2010.png, 1545, 2294, 3839, 0.451680125033, 4, -1, 963, 1022, 0.208722741433, 0.203522504892
jenner049-2010.png, 1240, 1826, 3066, 0.384866275277, 4, -1, 642, 702, 0.219626168224, 0.2150997151
jenner050-2010.png, 1372, 2260, 3632, 0.395374449339, 4, -1, 807, 840, 0.229244114002, 0.260714285714
jenner051-2010.png, 1050, 1389, 2439, 0.347683476835, 4, -1, 489, 498, 0.325153374233, 0.287148594378
jenner052-2010.png, 948, 1388, 2336, 0.514554794521, 4, -1, 664, 700, 0.155120481928, 0.185714285714
jenner053-2010.png, 984, 1586, 2570, 0.368871595331, 4, -1, 544, 579, 0.196691176471, 0.290155440415
jenner054-2010.png, 943, 1055, 1998, 0.459459459459, 4, -1, 521, 529, 0.190019193858, 0.251417769376
jenner055-2010.png, 714, 1053, 1767, 0.421052631579, 4, -1, 418, 424, 0.188995215311, 0.195754716981
jenner056-2010.png, 863, 893, 1756, 0.338268792711, 4, -1, 350, 354, 0.28, 0.271186440678
jenner057-2010.png, 1414, 1895, 3309, 0.471441523119, 4, -1, 861, 894, 0.190476190476, 0.192393736018
jenner058-2010.png, 1251, 2338, 3589, 0.381721928114, 4, -1, 751, 819, 0.22103861518, 0.224664224664
jenner059-2010.png, 1383, 1845, 3228, 0.459107806691, 4, -1, 827, 834, 0.235792019347, 0.23860911271
jenner060-2010.png, 728, 911, 1639, 0.408785845027, 4, -1, 379, 388, 0.240105540897, 0.180412371134
jenner061-2010.png, 661, 891, 1552, 0.274484536082, 4, -1, 246, 268, 0.321138211382, 0.305970149254
jenner062-2010.png, 529, 689, 1218, 0.379310344828, 4, -1, 269, 271, 0.223048327138, 0.210332103321
jenner063-2010.png, 1006, 1422, 2428, 0.434925864909, 4, -1, 592, 617, 0.201013513514, 0.244732576985
jenner064-2010.png, 984, 1097, 2081, 0.374819798174, 4, -1, 448, 467, 0.223214285714, 0.276231263383
losangeles001-2010.png, 2812, 4486, 7298, 0.263085776925, 4, -1, 1100, 1110, 0.345454545455, 0.336936936937
losangeles002-2010.png, 2723, 5495, 8218, 0.273545874909, 4, -1, 1245, 1318, 0.316465863454, 0.322458270106
losangeles003-2010.png, 1099, 4306, 5405, 0.233487511563, 4, -1, 699, 759, 0.278969957082, 0.312252964427
losangeles004-2010.png, 765, 3621, 4386, 0.124943000456, 4, -1, 314, 353, 0.334394904459, 0.379603399433
losangeles005-2010.png, 1090, 4385, 5475, 0.213698630137, 4, -1, 639, 728, 0.264475743349, 0.298076923077
losangeles006-2010.png, 1398, 4589, 5987, 0.264907299148, 4, -1, 877, 957, 0.261117445838, 0.234064785789
losangeles007-2010.png, 2011, 4605, 6616, 0.376058041112, 4, -1, 1379, 1449, 0.171138506164, 0.202898550725
losangeles008-2010.png, 1740, 4585, 6325, 0.360790513834, 4, -1, 1221, 1306, 0.153972153972, 0.18606431853
losangeles009-2010.png, 2437, 5374, 7811, 0.248367686596, 4, -1, 1092, 1202, 0.367216117216, 0.402662229617
losangeles010-2010.png, 2584, 5039, 7623, 0.33818706546, 4, -1, 1409, 1466, 0.207239176721, 0.242155525239
losangeles011-2010.png, 1183, 4625, 5808, 0.257920110193, 4, -1, 800, 869, 0.16875, 0.209436133487
losangeles012-2010.png, 1815, 4450, 6265, 0.348922585794, 4, -1, 1183, 1312, 0.212172442942, 0.255335365854
losangeles013-2010.png, 1355, 4644, 5999, 0.278046341057, 4, -1, 901, 992, 0.178690344062, 0.190524193548
losangeles014-2010.png, 2096, 5013, 7109, 0.372766915178, 4, -1, 1450, 1490, 0.145517241379, 0.18255033557
losangeles015-2010.png, 1163, 3053, 4216, 0.351043643264, 4, -1, 804, 890, 0.172885572139, 0.216853932584
losangeles016-2010.png, 1329, 4377, 5706, 0.272695408342, 4, -1, 851, 922, 0.231492361927, 0.268980477223
losangeles017-2010.png, 2882, 5009, 7891, 0.25978963376, 4, -1, 1170, 1212, 0.4, 0.415841584158
losangeles018-2010.png, 3039, 4381, 7420, 0.449326145553, 4, -1, 1829, 1860, 0.195735374522, 0.211827956989
losangeles019-2010.png, 1164, 3885, 5049, 0.293127351951, 4, -1, 802, 887, 0.159600997506, 0.197294250282
losangeles020-2010.png, 1587, 3961, 5548, 0.307498197549, 4, -1, 957, 1023, 0.237199582027, 0.301075268817
losangeles021-2010.png, 1923, 4336, 6259, 0.345422591468, 4, -1, 1183, 1232, 0.192730346577, 0.266233766234
losangeles022-2010.png, 1996, 5029, 7025, 0.353309608541, 4, -1, 1352, 1450, 0.204142011834, 0.210344827586
losangeles023-2010.png, 1303, 4360, 5663, 0.301253752428, 4, -1, 919, 983, 0.144722524483, 0.16988809766
losangeles024-2010.png, 2064, 4942, 7006, 0.340565229803, 4, -1, 1296, 1378, 0.175154320988, 0.211175616836
losangeles025-2010.png, 2458, 4944, 7402, 0.221291542826, 4, -1, 937, 988, 0.432230522946, 0.405870445344
losangeles026-2010.png, 2706, 4682, 7388, 0.404981050352, 4, -1, 1639, 1718, 0.219646125686, 0.250291036088
losangeles027-2010.png, 1506, 4338, 5844, 0.314510609172, 4, -1, 1005, 1096, 0.153233830846, 0.185218978102
losangeles028-2010.png, 1457, 4158, 5615, 0.322707034728, 4, -1, 988, 1059, 0.169028340081, 0.203021718602
losangeles029-2010.png, 2505, 4529, 7034, 0.451805516065, 4, -1, 1707, 1778, 0.157586408905, 0.182789651294
losangeles030-2010.png, 1972, 4783, 6755, 0.345817912657, 4, -1, 1266, 1322, 0.203001579779, 0.201210287443
losangeles031-2010.png, 2058, 4444, 6502, 0.370962780683, 4, -1, 1311, 1374, 0.18001525553, 0.173216885007
losangeles032-2010.png, 1994, 4683, 6677, 0.36034147072, 4, -1, 1298, 1396, 0.161016949153, 0.219914040115
losangeles033-2010.png, 3249, 5152, 8401, 0.297107487204, 4, -1, 1406, 1466, 0.346372688478, 0.358799454297
losangeles034-2010.png, 3019, 5148, 8167, 0.235092445206, 4, -1, 1098, 1146, 0.377049180328, 0.421465968586
losangeles035-2010.png, 1434, 4312, 5746, 0.292725374173, 4, -1, 917, 1008, 0.178844056707, 0.25496031746
losangeles036-2010.png, 1587, 4362, 5949, 0.30795091612, 4, -1, 996, 1042, 0.189759036145, 0.226487523992
losangeles037-2010.png, 1793, 4420, 6213, 0.342185739578, 4, -1, 1147, 1229, 0.191804707934, 0.189585028478
losangeles038-2010.png, 1836, 4610, 6446, 0.343779087806, 4, -1, 1211, 1307, 0.195706028076, 0.201224177506
losangeles039-2010.png, 2320, 4687, 7007, 0.429285000714, 4, -1, 1622, 1729, 0.148581997534, 0.174667437825
losangeles040-2010.png, 2130, 4472, 6602, 0.414722811269, 4, -1, 1474, 1531, 0.15196743555, 0.180927498367
losangeles041-2010.png, 3502, 5443, 8945, 0.230743432085, 4, -1, 1199, 1207, 0.427022518766, 0.405965202983
losangeles042-2010.png, 3213, 4600, 7813, 0.356329194932, 4, -1, 1512, 1577, 0.218253968254, 0.253012048193
losangeles043-2010.png, 1554, 4023, 5577, 0.328850636543, 4, -1, 995, 1078, 0.215075376884, 0.247680890538
losangeles044-2010.png, 1074, 4263, 5337, 0.203485103991, 4, -1, 583, 663, 0.233276157804, 0.288084464555
losangeles045-2010.png, 1820, 4636, 6456, 0.301115241636, 4, -1, 1072, 1114, 0.191231343284, 0.24236983842
losangeles046-2010.png, 1928, 4482, 6410, 0.34352574103, 4, -1, 1194, 1267, 0.210217755444, 0.249408050513
losangeles047-2010.png, 2160, 4525, 6685, 0.417053103964, 4, -1, 1524, 1597, 0.158792650919, 0.15967438948
losangeles048-2010.png, 1770, 4411, 6181, 0.324219381977, 4, -1, 1072, 1139, 0.159514925373, 0.201931518876
losangeles049-2010.png, 3454, 5237, 8691, 0.227131515361, 4, -1, 1165, 1172, 0.424034334764, 0.462457337884
losangeles050-2010.png, 3032, 4264, 7296, 0.446546052632, 4, -1, 1768, 1827, 0.175904977376, 0.19978106185
losangeles051-2010.png, 1732, 4374, 6106, 0.325908942024, 4, -1, 1056, 1143, 0.184659090909, 0.230971128609
losangeles052-2010.png, 1759, 4741, 6500, 0.317538461538, 4, -1, 1115, 1197, 0.182959641256, 0.2447786132
losangeles053-2010.png, 2388, 4513, 6901, 0.390378206057, 4, -1, 1476, 1531, 0.172764227642, 0.22077073808
losangeles054-2010.png, 2707, 4884, 7591, 0.44763535766, 4, -1, 1834, 1878, 0.163576881134, 0.190095846645
losangeles055-2010.png, 2183, 4330, 6513, 0.43543681867, 4, -1, 1523, 1578, 0.131976362443, 0.118504435995
losangeles056-2010.png, 1956, 4050, 6006, 0.363969363969, 4, -1, 1193, 1272, 0.201173512154, 0.249213836478
losangeles057-2010.png, 3198, 5004, 8202, 0.265057303097, 4, -1, 1232, 1320, 0.391233766234, 0.435606060606
losangeles058-2010.png, 2891, 4572, 7463, 0.325070347045, 4, -1, 1323, 1379, 0.267573696145, 0.264684554025
losangeles059-2010.png, 1694, 4513, 6207, 0.256162397293, 4, -1, 851, 964, 0.257344300823, 0.260373443983
losangeles060-2010.png, 2038, 4842, 6880, 0.330813953488, 4, -1, 1238, 1313, 0.229402261712, 0.234577303884
losangeles061-2010.png, 2186, 4729, 6915, 0.347360809834, 4, -1, 1306, 1409, 0.173047473201, 0.238466997871
losangeles062-2010.png, 2327, 4639, 6966, 0.385874246339, 4, -1, 1467, 1486, 0.189502385821, 0.186406460296
losangeles063-2010.png, 1800, 4148, 5948, 0.356758574311, 4, -1, 1154, 1229, 0.214904679376, 0.222131814483
losangeles064-2010.png, 2102, 4384, 6486, 0.36231884058, 4, -1, 1285, 1344, 0.214007782101, 0.227678571429
merced001-2010.png, 3139, 5248, 8387, 0.338857756051, 4, -1, 1559, 1603, 0.279025016036, 0.267623206488
merced002-2010.png, 2814, 4640, 7454, 0.243359270191, 4, -1, 1010, 1117, 0.349504950495, 0.421665174575
merced003-2010.png, 840, 1557, 2397, 0.322069253233, 4, -1, 439, 480, 0.371298405467, 0.347916666667
merced004-2010.png, 1189, 1857, 3046, 0.365725541694, 4, -1, 644, 684, 0.35248447205, 0.301169590643
merced005-2010.png, 664, 1115, 1779, 0.267566048342, 4, -1, 269, 303, 0.219330855019, 0.280528052805
merced006-2010.png, 373, 741, 1114, 0.16157989228, 4, -1, 114, 131, 0.482456140351, 0.343511450382
merced007-2010.png, 381, 695, 1076, 0.124535315985, 4, -1, 86, 101, 0.639534883721, 0.673267326733
merced008-2010.png, 342, 307, 649, 0.169491525424, 4, -1, 71, 68, 0.577464788732, 0.705882352941
merced009-2010.png, 1935, 4787, 6722, 0.267479916691, 4, -1, 989, 1057, 0.240647118301, 0.279091769158
merced010-2010.png, 1661, 4436, 6097, 0.209283254059, 4, -1, 707, 799, 0.322489391796, 0.327909887359
merced011-2010.png, 871, 1275, 2146, 0.145386766076, 4, -1, 187, 213, 0.614973262032, 0.446009389671
merced012-2010.png, 986, 1650, 2636, 0.291350531108, 4, -1, 467, 496, 0.34903640257, 0.401209677419
merced013-2010.png, 777, 1033, 1810, 0.227624309392, 4, -1, 260, 282, 0.503846153846, 0.517730496454
merced014-2010.png, 997, 1557, 2554, 0.22239624119, 4, -1, 343, 383, 0.591836734694, 0.537859007833
merced015-2010.png, 377, 1515, 1892, 0.188160676533, 4, -1, 200, 254, 0.37, 0.437007874016
merced016-2010.png, 556, 935, 1491, 0.366197183099, 4, -1, 319, 340, 0.260188087774, 0.335294117647
merced017-2010.png, 731, 2268, 2999, 0.141380460153, 4, -1, 241, 303, 0.564315352697, 0.541254125413
merced018-2010.png, 1141, 2128, 3269, 0.167023554604, 4, -1, 318, 366, 0.569182389937, 0.598360655738
merced019-2010.png, 708, 1098, 1806, 0.0531561461794, 4, -1, 63, 93, 1.12698412698, 0.827956989247
merced020-2010.png, 601, 685, 1286, 0.295489891135, 4, -1, 235, 232, 0.451063829787, 0.5
merced021-2010.png, 849, 400, 1249, 0.104083266613, 4, -1, 113, 84, 1.0, 0.880952380952
merced022-2010.png, 876, 508, 1384, 0.244219653179, 4, -1, 209, 203, 0.354066985646, 0.458128078818
merced023-2010.png, 691, 860, 1551, 0.268214055448, 4, -1, 261, 295, 0.574712643678, 0.48813559322
merced024-2010.png, 275, 692, 967, 0.175801447777, 4, -1, 110, 142, 0.572727272727, 0.711267605634
merced025-2010.png, 677, 1549, 2226, 0.145552560647, 4, -1, 204, 251, 0.588235294118, 0.609561752988
merced026-2010.png, 1237, 1570, 2807, 0.278589241183, 4, -1, 460, 493, 0.454347826087, 0.476673427992
merced027-2010.png, 1365, 1716, 3081, 0.12917883804, 4, -1, 265, 246, 0.71320754717, 0.662601626016
merced028-2010.png, 605, 367, 972, 0.152263374486, 4, -1, 107, 87, 0.691588785047, 0.597701149425
merced029-2010.png, 1354, 93, 1447, 0.0248790601244, 4, -1, 42, 21, 0.761904761905, 0.333333333333
merced030-2010.png, 1395, 93, 1488, 0.0309139784946, 4, -1, 56, 25, 0.696428571429, 0.48
merced031-2010.png, 543, 385, 928, 0.344827586207, 4, -1, 200, 202, 0.28, 0.29702970297
merced032-2010.png, 271, 187, 458, 0.131004366812, 4, -1, 43, 37, 0.46511627907, 0.756756756757
merced033-2010.png, 1325, 1711, 3036, 0.31884057971, 4, -1, 574, 589, 0.337979094077, 0.375212224109
merced034-2010.png, 1288, 1745, 3033, 0.150346191889, 4, -1, 285, 324, 0.628070175439, 0.58950617284
merced035-2010.png, 565, 400, 965, 0.176165803109, 4, -1, 122, 106, 0.581967213115, 0.61320754717
merced036-2010.png, 1473, 437, 1910, 0.206282722513, 4, -1, 282, 224, 0.36524822695, 0.276785714286
merced037-2010.png, 2501, 496, 2997, 0.154821488155, 4, -1, 320, 261, 0.309375, 0.249042145594
merced038-2010.png, 1461, 83, 1544, 0.0349740932642, 4, -1, 52, 31, 0.307692307692, 0.677419354839
merced039-2010.png, 618, 235, 853, 0.20164126612, 4, -1, 131, 97, 0.442748091603, 0.371134020619
merced040-2010.png, 706, 396, 1102, 0.127041742287, 4, -1, 92, 88, 0.673913043478, 0.965909090909
merced041-2010.png, 1200, 1569, 2769, 0.390032502709, 4, -1, 631, 634, 0.345483359746, 0.332807570978
merced042-2010.png, 1175, 878, 2053, 0.123721383341, 4, -1, 176, 157, 0.772727272727, 0.713375796178
merced043-2010.png, 1160, 126, 1286, 0.0933125972006, 4, -1, 96, 68, 0.333333333333, 0.441176470588
merced044-2010.png, 1606, 345, 1951, 0.0850845720144, 4, -1, 143, 100, 0.657342657343, 0.93
merced045-2010.png, 3044, 386, 3430, 0.120699708455, 4, -1, 310, 227, 0.396774193548, 0.374449339207
merced046-2010.png, 1927, 183, 2110, 0.0748815165877, 4, -1, 128, 84, 0.3203125, 0.428571428571
merced047-2010.png, 1019, 422, 1441, 0.316446911867, 4, -1, 286, 244, 0.325174825175, 0.258196721311
merced048-2010.png, 979, 1226, 2205, 0.141496598639, 4, -1, 190, 215, 0.663157894737, 0.688372093023
merced049-2010.png, 529, 1152, 1681, 0.281975014872, 4, -1, 282, 296, 0.382978723404, 0.449324324324
merced050-2010.png, 551, 171, 722, 0.160664819945, 4, -1, 89, 67, 0.47191011236, 0.626865671642
merced051-2010.png, 1269, 214, 1483, 0.0552933243425, 4, -1, 71, 51, 0.535211267606, 0.352941176471
merced052-2010.png, 2207, 290, 2497, 0.0544653584301, 4, -1, 119, 83, 0.571428571429, 0.518072289157
merced053-2010.png, 2051, 176, 2227, 0.038616973507, 4, -1, 82, 47, 0.560975609756, 0.744680851064
merced054-2010.png, 1768, 125, 1893, 0.0359218172213, 4, -1, 71, 43, 0.718309859155, 0.651162790698
merced055-2010.png, 600, 155, 755, 0.153642384106, 4, -1, 82, 64, 0.573170731707, 0.40625
merced056-2010.png, 717, 853, 1570, 0.0993630573248, 4, -1, 102, 123, 0.823529411765, 0.951219512195
merced057-2010.png, 600, 566, 1166, 0.140651801029, 4, -1, 109, 100, 0.504587155963, 0.46
merced058-2010.png, 422, 84, 506, 0.0830039525692, 4, -1, 36, 29, 0.305555555556, 0.448275862069
merced059-2010.png, 883, 180, 1063, 0.0865475070555, 4, -1, 74, 54, 0.648648648649, 0.666666666667
merced060-2010.png, 1216, 218, 1434, 0.0292887029289, 4, -1, 49, 31, 1.18367346939, 1.16129032258
merced061-2010.png, 913, 388, 1301, 0.0906994619523, 4, -1, 94, 78, 0.691489361702, 0.589743589744
merced062-2010.png, 1272, 170, 1442, 0.0957004160888, 4, -1, 116, 79, 0.439655172414, 0.53164556962
merced063-2010.png, 1486, 218, 1704, 0.0762910798122, 4, -1, 98, 75, 0.418367346939, 0.52
merced064-2010.png, 1155, 895, 2050, 0.173658536585, 4, -1, 237, 231, 0.704641350211, 0.787878787879
oakland001-2010.png, 2761, 3106, 5867, 0.261121527186, 4, -1, 879, 888, 0.42662116041, 0.408783783784
oakland002-2010.png, 3590, 4300, 7890, 0.194169835234, 4, -1, 873, 903, 0.392898052692, 0.401993355482
oakland003-2010.png, 3460, 4864, 8324, 0.421672272946, 4, -1, 1900, 1989, 0.193157894737, 0.246857717446
oakland004-2010.png, 3260, 5011, 8271, 0.430661346875, 4, -1, 1965, 2038, 0.192875318066, 0.238469087341
oakland005-2010.png, 2599, 3707, 6306, 0.370123691722, 4, -1, 1279, 1361, 0.250977326036, 0.255694342395
oakland006-2010.png, 1301, 1511, 2812, 0.22972972973, 4, -1, 374, 406, 0.419786096257, 0.536945812808
oakland007-2010.png, 1248, 2502, 3750, 0.370666666667, 4, -1, 787, 862, 0.284625158831, 0.285382830626
oakland008-2010.png, 1552, 2610, 4162, 0.557904853436, 4, -1, 1247, 1362, 0.135525260626, 0.169603524229
oakland009-2010.png, 2408, 2774, 5182, 0.230412967966, 4, -1, 708, 722, 0.50988700565, 0.468144044321
oakland010-2010.png, 3091, 4535, 7626, 0.37188565434, 4, -1, 1574, 1664, 0.25540025413, 0.275841346154
oakland011-2010.png, 2488, 4848, 7336, 0.297164667394, 4, -1, 1199, 1281, 0.268557130942, 0.292740046838
oakland012-2010.png, 2823, 4897, 7720, 0.275906735751, 4, -1, 1184, 1296, 0.376689189189, 0.384259259259
oakland013-2010.png, 1975, 1845, 3820, 0.121989528796, 4, -1, 278, 298, 0.467625899281, 0.543624161074
oakland014-2010.png, 1474, 1892, 3366, 0.337492572787, 4, -1, 644, 678, 0.310559006211, 0.271386430678
oakland015-2010.png, 2082, 3725, 5807, 0.447735491648, 4, -1, 1408, 1514, 0.197443181818, 0.188243064729
oakland016-2010.png, 1570, 2643, 4213, 0.478518870164, 4, -1, 1104, 1174, 0.138586956522, 0.151618398637
oakland017-2010.png, 2838, 3368, 6206, 0.236545278762, 4, -1, 849, 855, 0.440518256773, 0.459649122807
oakland018-2010.png, 2784, 4825, 7609, 0.354317255881, 4, -1, 1462, 1588, 0.243502051984, 0.259445843829
oakland019-2010.png, 2598, 4827, 7425, 0.333468013468, 4, -1, 1359, 1449, 0.275938189845, 0.251897860594
oakland020-2010.png, 2825, 4276, 7101, 0.207294747219, 4, -1, 814, 893, 0.47542997543, 0.505039193729
oakland021-2010.png, 2126, 3047, 5173, 0.338681616084, 4, -1, 990, 1050, 0.307070707071, 0.345714285714
oakland022-2010.png, 3430, 4845, 8275, 0.441329305136, 4, -1, 1983, 2084, 0.205748865356, 0.220249520154
oakland023-2010.png, 2786, 4532, 7318, 0.474993167532, 4, -1, 1892, 1998, 0.151162790698, 0.183683683684
oakland024-2010.png, 1531, 2754, 4285, 0.466277712952, 4, -1, 1092, 1162, 0.192307692308, 0.24182444062
oakland025-2010.png, 3377, 4296, 7673, 0.314870324515, 4, -1, 1369, 1446, 0.343316289262, 0.357538035961
oakland026-2010.png, 3570, 5074, 8644, 0.385238315595, 4, -1, 1829, 1867, 0.230727173319, 0.231922870916
oakland027-2010.png, 2359, 3418, 5777, 0.252380128094, 4, -1, 822, 907, 0.408759124088, 0.41565600882
oakland028-2010.png, 1889, 2822, 4711, 0.265760984929, 4, -1, 707, 771, 0.428571428571, 0.390402075227
oakland029-2010.png, 3004, 4369, 7373, 0.36701478367, 4, -1, 1499, 1564, 0.261507671781, 0.250639386189
oakland030-2010.png, 3120, 4352, 7472, 0.471359743041, 4, -1, 1940, 2009, 0.217525773196, 0.261324041812
oakland031-2010.png, 1328, 2739, 4067, 0.404229161544, 4, -1, 919, 981, 0.206746463547, 0.235474006116
oakland032-2010.png, 2926, 4793, 7719, 0.492032646716, 4, -1, 2054, 2146, 0.184031158715, 0.185927306617
oakland033-2010.png, 2953, 4769, 7722, 0.281533281533, 4, -1, 1226, 1293, 0.3955954323, 0.348027842227
oakland034-2010.png, 2399, 5176, 7575, 0.299669966997, 4, -1, 1234, 1320, 0.236628849271, 0.270454545455
oakland035-2010.png, 3120, 3598, 6718, 0.316165525454, 4, -1, 1219, 1251, 0.327317473339, 0.353317346123
oakland036-2010.png, 2624, 3812, 6436, 0.302983219391, 4, -1, 1089, 1165, 0.39577594123, 0.4
oakland037-2010.png, 3078, 4962, 8040, 0.383084577114, 4, -1, 1705, 1802, 0.232258064516, 0.266370699223
oakland038-2010.png, 2036, 3732, 5768, 0.422676837725, 4, -1, 1341, 1450, 0.209545115585, 0.213103448276
oakland039-2010.png, 3112, 4868, 7980, 0.498245614035, 4, -1, 2130, 2277, 0.147417840376, 0.179622310057
oakland040-2010.png, 3026, 5197, 8223, 0.472820138636, 4, -1, 2066, 2182, 0.160696999032, 0.197525206233
oakland041-2010.png, 2623, 4720, 7343, 0.291978755277, 4, -1, 1178, 1278, 0.300509337861, 0.322378716745
oakland042-2010.png, 2242, 3661, 5903, 0.235134677283, 4, -1, 772, 876, 0.331606217617, 0.348173515982
oakland043-2010.png, 2775, 2958, 5733, 0.428048142334, 4, -1, 1343, 1398, 0.257632166791, 0.249642346209
oakland044-2010.png, 2789, 3620, 6409, 0.416913715088, 4, -1, 1503, 1548, 0.208915502329, 0.27519379845
oakland045-2010.png, 3397, 5065, 8462, 0.316237296147, 4, -1, 1482, 1544, 0.350877192982, 0.319300518135
oakland046-2010.png, 2852, 4392, 7244, 0.370513528437, 4, -1, 1463, 1580, 0.231715652768, 0.277215189873
oakland047-2010.png, 2598, 4121, 6719, 0.469712754874, 4, -1, 1684, 1817, 0.16864608076, 0.181618051734
oakland048-2010.png, 2666, 4838, 7504, 0.46881663113, 4, -1, 1882, 1993, 0.13921360255, 0.180130456598
oakland049-2010.png, 3040, 3930, 6970, 0.262553802009, 4, -1, 1044, 1101, 0.448275862069, 0.453224341508
oakland050-2010.png, 1417, 2068, 3485, 0.188809182209, 4, -1, 384, 435, 0.559895833333, 0.420689655172
oakland051-2010.png, 1941, 2190, 4131, 0.299685306221, 4, -1, 709, 739, 0.33850493653, 0.397834912043
oakland052-2010.png, 1613, 2367, 3980, 0.282412060302, 4, -1, 644, 677, 0.340062111801, 0.320531757755
oakland053-2010.png, 2172, 3033, 5205, 0.353121998079, 4, -1, 1036, 1094, 0.312741312741, 0.308043875686
oakland054-2010.png, 1918, 2677, 4595, 0.386942328618, 4, -1, 990, 1056, 0.220202020202, 0.298295454545
oakland055-2010.png, 2938, 4189, 7127, 0.503998877508, 4, -1, 1923, 2026, 0.151326053042, 0.191016781836
oakland056-2010.png, 2645, 5267, 7912, 0.459302325581, 4, -1, 1931, 2036, 0.129984464008, 0.143418467583
oakland057-2010.png, 1357, 1857, 3214, 0.189794648413, 4, -1, 368, 407, 0.483695652174, 0.44226044226
oakland058-2010.png, 2052, 2483, 4535, 0.270782800441, 4, -1, 694, 721, 0.42507204611, 0.385575589459
oakland059-2010.png, 1907, 2224, 4131, 0.343742435246, 4, -1, 802, 845, 0.299251870324, 0.320710059172
oakland060-2010.png, 2099, 2694, 4793, 0.277070728145, 4, -1, 758, 813, 0.393139841689, 0.441574415744
oakland061-2010.png, 2383, 3470, 5853, 0.38270972151, 4, -1, 1241, 1321, 0.32957292506, 0.327781983346
oakland062-2010.png, 1457, 2531, 3988, 0.387161484453, 4, -1, 845, 920, 0.266272189349, 0.284782608696
oakland063-2010.png, 1971, 3126, 5097, 0.449676280165, 4, -1, 1254, 1367, 0.180223285486, 0.226773957571
oakland064-2010.png, 2435, 5274, 7709, 0.394863146971, 4, -1, 1633, 1726, 0.160440906307, 0.187137891078
petaluma001-2010.png, 1811, 2427, 4238, 0.466257668712, 4, -1, 1120, 1117, 0.234821428571, 0.150402864816
petaluma002-2010.png, 3229, 4499, 7728, 0.488871635611, 4, -1, 2063, 2106, 0.174503150751, 0.164292497626
petaluma003-2010.png, 1388, 2715, 4103, 0.320740921277, 4, -1, 747, 767, 0.234270414993, 0.204693611473
petaluma004-2010.png, 1507, 2060, 3567, 0.175497617045, 4, -1, 381, 411, 0.574803149606, 0.603406326034
petaluma005-2010.png, 1395, 1631, 3026, 0.193654990086, 4, -1, 342, 361, 0.497076023392, 0.470914127424
petaluma006-2010.png, 1005, 1282, 2287, 0.236117184084, 4, -1, 332, 340, 0.569277108434, 0.461764705882
petaluma007-2010.png, 1851, 2548, 4399, 0.335530802455, 4, -1, 836, 893, 0.349282296651, 0.375139977604
petaluma008-2010.png, 1257, 2298, 3555, 0.164838255977, 4, -1, 346, 384, 0.552023121387, 0.546875
petaluma009-2010.png, 3558, 4681, 8239, 0.450054618279, 4, -1, 2034, 2064, 0.236971484759, 0.230620155039
petaluma010-2010.png, 3095, 4478, 7573, 0.466657863462, 4, -1, 1934, 1981, 0.17373319545, 0.182231196365
petaluma011-2010.png, 2531, 4316, 6847, 0.397546370673, 4, -1, 1492, 1560, 0.174262734584, 0.240384615385
petaluma012-2010.png, 1017, 1718, 2735, 0.0965265082267, 4, -1, 158, 178, 0.715189873418, 0.595505617978
petaluma013-2010.png, 990, 1505, 2495, 0.0825651302605, 4, -1, 119, 136, 0.638655462185, 0.617647058824
petaluma014-2010.png, 1713, 2394, 4107, 0.321402483565, 4, -1, 755, 763, 0.324503311258, 0.37876802097
petaluma015-2010.png, 1289, 1938, 3227, 0.32475983886, 4, -1, 602, 639, 0.322259136213, 0.317683881064
petaluma016-2010.png, 1447, 2167, 3614, 0.256779192031, 4, -1, 542, 564, 0.343173431734, 0.432624113475
petaluma017-2010.png, 3235, 4828, 8063, 0.406548431105, 4, -1, 1791, 1865, 0.250139586823, 0.240750670241
petaluma018-2010.png, 2911, 4583, 7494, 0.401387776888, 4, -1, 1635, 1719, 0.222629969419, 0.229784758581
petaluma019-2010.png, 1765, 3305, 5070, 0.342406311637, 4, -1, 945, 1035, 0.226455026455, 0.256038647343
petaluma020-2010.png, 1659, 2243, 3902, 0.228600717581, 4, -1, 538, 545, 0.420074349442, 0.447706422018
petaluma021-2010.png, 1750, 1978, 3728, 0.31008583691, 4, -1, 657, 674, 0.316590563166, 0.302670623145
petaluma022-2010.png, 2460, 3119, 5579, 0.497938698692, 4, -1, 1546, 1577, 0.195342820181, 0.211794546607
petaluma023-2010.png, 1662, 2260, 3922, 0.284038755737, 4, -1, 645, 681, 0.382945736434, 0.381791483113
petaluma024-2010.png, 2001, 2933, 4934, 0.289420348602, 4, -1, 821, 862, 0.331303288672, 0.344547563805
petaluma025-2010.png, 2730, 3766, 6496, 0.430726600985, 4, -1, 1554, 1579, 0.219433719434, 0.215959468018
petaluma026-2010.png, 1867, 2920, 4787, 0.292040944224, 4, -1, 794, 857, 0.332493702771, 0.379229871645
petaluma027-2010.png, 1388, 2002, 3390, 0.335693215339, 4, -1, 646, 690, 0.325077399381, 0.313043478261
petaluma028-2010.png, 1939, 2473, 4412, 0.241160471442, 4, -1, 635, 658, 0.437795275591, 0.471124620061
petaluma029-2010.png, 2285, 2914, 5199, 0.47701481054, 4, -1, 1379, 1432, 0.228426395939, 0.281424581006
petaluma030-2010.png, 1887, 2674, 4561, 0.388949791712, 4, -1, 994, 1026, 0.230382293763, 0.297270955166
petaluma031-2010.png, 1243, 2409, 3652, 0.232201533406, 4, -1, 493, 545, 0.543610547667, 0.508256880734
petaluma032-2010.png, 2446, 3922, 6368, 0.263819095477, 4, -1, 944, 1017, 0.33686440678, 0.402163225172
petaluma033-2010.png, 2723, 3295, 6018, 0.302426055168, 4, -1, 1036, 1056, 0.337837837838, 0.298295454545
petaluma034-2010.png, 1327, 1817, 3144, 0.261450381679, 4, -1, 498, 474, 0.447791164659, 0.411392405063
petaluma035-2010.png, 2014, 2452, 4466, 0.32736229288, 4, -1, 853, 864, 0.309495896835, 0.341435185185
petaluma036-2010.png, 2084, 3052, 5136, 0.360202492212, 4, -1, 1043, 1101, 0.355704697987, 0.38782924614
petaluma037-2010.png, 3121, 3918, 7039, 0.486432731922, 4, -1, 1878, 1918, 0.224174653887, 0.224713242961
petaluma038-2010.png, 2575, 3727, 6302, 0.389082830847, 4, -1, 1355, 1431, 0.237638376384, 0.301187980433
petaluma039-2010.png, 2596, 4783, 7379, 0.295975064372, 4, -1, 1209, 1305, 0.287841191067, 0.295019157088
petaluma040-2010.png, 2205, 4441, 6646, 0.31236834186, 4, -1, 1136, 1249, 0.273767605634, 0.330664531625
petaluma041-2010.png, 1398, 2077, 3475, 0.215827338129, 4, -1, 438, 461, 0.433789954338, 0.446854663774
petaluma042-2010.png, 1999, 2600, 4599, 0.460969776038, 4, -1, 1146, 1205, 0.185863874346, 0.241493775934
petaluma043-2010.png, 2372, 3390, 5762, 0.444984380423, 4, -1, 1422, 1482, 0.261603375527, 0.255735492578
petaluma044-2010.png, 2290, 3301, 5591, 0.447147200859, 4, -1, 1352, 1436, 0.204142011834, 0.228412256267
petaluma045-2010.png, 2158, 2739, 4897, 0.465591178272, 4, -1, 1263, 1333, 0.231195566112, 0.247561890473
petaluma046-2010.png, 2466, 3759, 6225, 0.37140562249, 4, -1, 1284, 1364, 0.294392523364, 0.312316715543
petaluma047-2010.png, 3036, 5139, 8175, 0.372844036697, 4, -1, 1681, 1738, 0.286139202855, 0.250287686997
petaluma048-2010.png, 1855, 3085, 4940, 0.414574898785, 4, -1, 1106, 1191, 0.198915009042, 0.264483627204
petaluma049-2010.png, 2015, 2932, 4947, 0.325449767536, 4, -1, 914, 969, 0.280087527352, 0.299277605779
petaluma050-2010.png, 2286, 3207, 5493, 0.439468414346, 4, -1, 1323, 1375, 0.226001511716, 0.216727272727
petaluma051-2010.png, 2251, 3318, 5569, 0.483390195726, 4, -1, 1489, 1555, 0.216252518469, 0.20578778135
petaluma052-2010.png, 1651, 2417, 4068, 0.333333333333, 4, -1, 775, 827, 0.301935483871, 0.363966142684
petaluma053-2010.png, 1296, 1280, 2576, 0.32298136646, 4, -1, 488, 486, 0.342213114754, 0.329218106996
petaluma054-2010.png, 2376, 3830, 6206, 0.396712858524, 4, -1, 1344, 1427, 0.250744047619, 0.269096005606
petaluma055-2010.png, 2402, 3747, 6149, 0.431289640592, 4, -1, 1457, 1505, 0.207961564859, 0.253820598007
petaluma056-2010.png, 2087, 3228, 5315, 0.38946378175, 4, -1, 1156, 1225, 0.284602076125, 0.299591836735
petaluma057-2010.png, 1208, 1699, 2907, 0.279325765394, 4, -1, 481, 507, 0.376299376299, 0.467455621302
petaluma058-2010.png, 2369, 3218, 5587, 0.420619294791, 4, -1, 1319, 1350, 0.249431387415, 0.282222222222
petaluma059-2010.png, 1946, 3127, 5073, 0.460871279322, 4, -1, 1261, 1352, 0.189532117367, 0.233727810651
petaluma060-2010.png, 1266, 1591, 2857, 0.350717535877, 4, -1, 574, 605, 0.364111498258, 0.345454545455
petaluma061-2010.png, 2113, 2850, 4963, 0.375176304654, 4, -1, 1038, 1095, 0.276493256262, 0.29497716895
petaluma062-2010.png, 2747, 3928, 6675, 0.411086142322, 4, -1, 1534, 1589, 0.240547588005, 0.254247954688
petaluma063-2010.png, 1502, 1906, 3408, 0.342136150235, 4, -1, 650, 678, 0.307692307692, 0.297935103245
petaluma064-2010.png, 1987, 2713, 4700, 0.390212765957, 4, -1, 1040, 1084, 0.307692307692, 0.321033210332
sanjose001-2010.png, 3407, 5240, 8647, 0.333526078409, 4, -1, 1612, 1686, 0.257444168734, 0.297153024911
sanjose002-2010.png, 3231, 4504, 7735, 0.33199741435, 4, -1, 1423, 1505, 0.271960646521, 0.327574750831
sanjose003-2010.png, 3121, 4607, 7728, 0.32867494824, 4, -1, 1408, 1490, 0.284090909091, 0.338926174497
sanjose004-2010.png, 2890, 4235, 7125, 0.436210526316, 4, -1, 1710, 1758, 0.216374269006, 0.216154721274
sanjose005-2010.png, 2566, 4936, 7502, 0.271394294855, 4, -1, 1120, 1193, 0.279464285714, 0.327745180218
sanjose006-2010.png, 2199, 4378, 6577, 0.394708833815, 4, -1, 1393, 1486, 0.205312275664, 0.223418573351
sanjose007-2010.png, 2193, 3902, 6095, 0.416078753076, 4, -1, 1371, 1440, 0.177242888403, 0.158333333333
sanjose008-2010.png, 1142, 2425, 3567, 0.425567703953, 4, -1, 820, 903, 0.189024390244, 0.258028792913
sanjose009-2010.png, 3383, 5016, 8399, 0.275747112752, 4, -1, 1318, 1373, 0.361153262519, 0.401310997815
sanjose010-2010.png, 3320, 4764, 8084, 0.290697674419, 4, -1, 1303, 1334, 0.311588641596, 0.317091454273
sanjose011-2010.png, 4052, 4948, 9000, 0.297111111111, 4, -1, 1510, 1557, 0.37417218543, 0.374438021837
sanjose012-2010.png, 2508, 4327, 6835, 0.326847110461, 4, -1, 1242, 1354, 0.278582930757, 0.330132939439
sanjose013-2010.png, 2191, 4203, 6394, 0.262433531436, 4, -1, 935, 976, 0.31871657754, 0.321721311475
sanjose014-2010.png, 2340, 4267, 6607, 0.362948388073, 4, -1, 1306, 1392, 0.21056661562, 0.228448275862
sanjose015-2010.png, 2302, 3575, 5877, 0.38148715331, 4, -1, 1239, 1295, 0.211460855529, 0.226254826255
sanjose016-2010.png, 1797, 3347, 5144, 0.424572317263, 4, -1, 1201, 1249, 0.223980016653, 0.218574859888
sanjose017-2010.png, 3419, 4856, 8275, 0.27915407855, 4, -1, 1316, 1378, 0.322948328267, 0.345428156749
sanjose018-2010.png, 2229, 3070, 5299, 0.349122475939, 4, -1, 1046, 1111, 0.291586998088, 0.345634563456
sanjose019-2010.png, 3013, 4304, 7317, 0.3315566489, 4, -1, 1356, 1410, 0.281710914454, 0.295035460993
sanjose020-2010.png, 2496, 4409, 6905, 0.349312092686, 4, -1, 1322, 1415, 0.232223903177, 0.23816254417
sanjose021-2010.png, 2557, 4776, 7333, 0.283921996454, 4, -1, 1150, 1208, 0.294782608696, 0.326986754967
sanjose022-2010.png, 2590, 3963, 6553, 0.42209674958, 4, -1, 1515, 1588, 0.205940594059, 0.244962216625
sanjose023-2010.png, 1507, 2239, 3746, 0.462893753337, 4, -1, 964, 1007, 0.248962655602, 0.180734856008
sanjose024-2010.png, 1041, 2398, 3439, 0.3239313754, 4, -1, 620, 702, 0.267741935484, 0.350427350427
sanjose025-2010.png, 3066, 3670, 6736, 0.412410926366, 4, -1, 1567, 1554, 0.232929164008, 0.241956241956
sanjose026-2010.png, 3515, 4266, 7781, 0.400462665467, 4, -1, 1702, 1766, 0.243243243243, 0.264439411099
sanjose027-2010.png, 2814, 4099, 6913, 0.407637783885, 4, -1, 1574, 1643, 0.28081321474, 0.234327449787
sanjose028-2010.png, 2762, 4709, 7471, 0.423504216303, 4, -1, 1715, 1816, 0.191253644315, 0.204845814978
sanjose029-2010.png, 2847, 5096, 7943, 0.326073272063, 4, -1, 1414, 1489, 0.225601131542, 0.24916051041
sanjose030-2010.png, 1868, 2826, 4694, 0.380059650618, 4, -1, 987, 1020, 0.276595744681, 0.271568627451
sanjose031-2010.png, 1819, 2804, 4623, 0.465931213498, 4, -1, 1180, 1262, 0.168644067797, 0.225832012678
sanjose032-2010.png, 1496, 3136, 4632, 0.43091537133, 4, -1, 1090, 1181, 0.162385321101, 0.198983911939
sanjose033-2010.png, 3051, 4587, 7638, 0.285676878764, 4, -1, 1214, 1337, 0.323723228995, 0.38818249813
sanjose034-2010.png, 3289, 4443, 7732, 0.434557682359, 4, -1, 1818, 1894, 0.221122112211, 0.23020063358
sanjose035-2010.png, 3047, 4452, 7499, 0.414988665155, 4, -1, 1705, 1762, 0.201173020528, 0.206015891033
sanjose036-2010.png, 2345, 4761, 7106, 0.357162960878, 4, -1, 1372, 1489, 0.193148688047, 0.247817327065
sanjose037-2010.png, 2906, 4913, 7819, 0.374984013301, 4, -1, 1601, 1665, 0.199875078076, 0.233033033033
sanjose038-2010.png, 1178, 1953, 3131, 0.452251676781, 4, -1, 774, 849, 0.184754521964, 0.2308598351
sanjose039-2010.png, 1311, 2078, 3389, 0.423723812334, 4, -1, 795, 839, 0.232704402516, 0.212157330155
sanjose040-2010.png, 1940, 3373, 5313, 0.46075663467, 4, -1, 1319, 1427, 0.178165276725, 0.208829712684
sanjose041-2010.png, 3277, 4152, 7429, 0.316866334635, 4, -1, 1298, 1362, 0.302003081664, 0.339941262849
sanjose042-2010.png, 2338, 3927, 6265, 0.348603351955, 4, -1, 1195, 1252, 0.243514644351, 0.282747603834
sanjose043-2010.png, 2894, 4252, 7146, 0.486705849426, 4, -1, 1877, 1955, 0.187533297816, 0.18925831202
sanjose044-2010.png, 2646, 4390, 7036, 0.354178510517, 4, -1, 1373, 1420, 0.243262927895, 0.27323943662
sanjose045-2010.png, 1210, 2106, 3316, 0.180940892642, 4, -1, 366, 412, 0.524590163934, 0.563106796117
sanjose046-2010.png, 861, 1617, 2478, 0.38418079096, 4, -1, 534, 581, 0.196629213483, 0.246127366609
sanjose047-2010.png, 1751, 3009, 4760, 0.475630252101, 4, -1, 1231, 1312, 0.149471974005, 0.164634146341
sanjose048-2010.png, 2016, 3930, 5946, 0.450723175244, 4, -1, 1444, 1551, 0.146121883657, 0.185686653772
sanjose049-2010.png, 1913, 2850, 4763, 0.175939533907, 4, -1, 514, 519, 0.540856031128, 0.578034682081
sanjose050-2010.png, 2138, 3699, 5837, 0.253212266575, 4, -1, 834, 924, 0.459232613909, 0.459956709957
sanjose051-2010.png, 2874, 4300, 7174, 0.391971006412, 4, -1, 1539, 1613, 0.217024041585, 0.234345939244
sanjose052-2010.png, 1242, 1880, 3122, 0.330557335042, 4, -1, 596, 594, 0.347315436242, 0.341750841751
sanjose053-2010.png, 1107, 1943, 3050, 0.304262295082, 4, -1, 535, 582, 0.27476635514, 0.396907216495
sanjose054-2010.png, 1556, 2193, 3749, 0.503067484663, 4, -1, 1043, 1104, 0.20230105465, 0.210144927536
sanjose055-2010.png, 1665, 2624, 4289, 0.454651433901, 4, -1, 1067, 1133, 0.16213683224, 0.191526919682
sanjose056-2010.png, 1340, 2515, 3855, 0.466407263294, 4, -1, 982, 1043, 0.16700610998, 0.178331735379
sanjose057-2010.png, 1077, 1910, 2987, 0.177435554068, 4, -1, 308, 369, 0.535714285714, 0.560975609756
sanjose058-2010.png, 2181, 3799, 5980, 0.339130434783, 4, -1, 1147, 1193, 0.285963382738, 0.262363788768
sanjose059-2010.png, 2078, 3289, 5367, 0.317123160052, 4, -1, 968, 1023, 0.285123966942, 0.292277614858
sanjose060-2010.png, 1888, 2473, 4361, 0.220132997019, 4, -1, 566, 588, 0.445229681979, 0.488095238095
sanjose061-2010.png, 991, 2370, 3361, 0.239809580482, 4, -1, 461, 507, 0.490238611714, 0.514792899408
sanjose062-2010.png, 870, 2228, 3098, 0.359586830213, 4, -1, 613, 689, 0.179445350734, 0.22496371553
sanjose063-2010.png, 1629, 2433, 4062, 0.520925652388, 4, -1, 1162, 1209, 0.148020654045, 0.157154673284
sanjose064-2010.png, 1636, 3102, 4738, 0.47910510764, 4, -1, 1228, 1285, 0.124592833876, 0.15719844358
sanysidro001-2010.png, 2452, 3438, 5890, 0.387775891341, 4, -1, 1261, 1306, 0.264076130056, 0.213629402757
sanysidro002-2010.png, 3187, 3642, 6829, 0.360521306194, 4, -1, 1395, 1371, 0.293189964158, 0.263311451495
sanysidro003-2010.png, 2748, 3854, 6602, 0.22780975462, 4, -1, 894, 895, 0.484340044743, 0.45251396648
sanysidro004-2010.png, 1959, 2468, 4427, 0.304946916648, 4, -1, 771, 805, 0.370946822309, 0.362732919255
sanysidro005-2010.png, 1089, 1520, 2609, 0.183978535837, 4, -1, 288, 312, 0.486111111111, 0.576923076923
sanysidro006-2010.png, 729, 1590, 2319, 0.149202242346, 4, -1, 204, 230, 0.490196078431, 0.465217391304
sanysidro007-2010.png, 768, 1527, 2295, 0.125490196078, 4, -1, 165, 203, 0.606060606061, 0.660098522167
sanysidro008-2010.png, 720, 1572, 2292, 0.312390924956, 4, -1, 400, 437, 0.2, 0.279176201373
sanysidro009-2010.png, 2206, 2770, 4976, 0.467443729904, 4, -1, 1279, 1315, 0.175918686474, 0.244106463878
sanysidro010-2010.png, 3497, 3792, 7289, 0.387158732336, 4, -1, 1565, 1586, 0.259424920128, 0.25157629256
sanysidro011-2010.png, 3064, 4062, 7126, 0.314622509122, 4, -1, 1255, 1284, 0.341832669323, 0.335669781931
sanysidro012-2010.png, 1874, 2142, 4016, 0.193725099602, 4, -1, 495, 489, 0.549494949495, 0.554192229039
sanysidro013-2010.png, 664, 792, 1456, 0.175824175824, 4, -1, 155, 162, 0.490322580645, 0.716049382716
sanysidro014-2010.png, 690, 2065, 2755, 0.154627949183, 4, -1, 247, 291, 0.400809716599, 0.408934707904
sanysidro015-2010.png, 293, 1094, 1387, 0.0490266762797, 4, -1, 45, 49, 0.533333333333, 0.469387755102
sanysidro016-2010.png, 343, 1530, 1873, 0.192205018687, 4, -1, 206, 253, 0.349514563107, 0.292490118577
sanysidro017-2010.png, 2716, 3196, 5912, 0.416779431664, 4, -1, 1362, 1396, 0.215124816446, 0.212750716332
sanysidro018-2010.png, 4018, 4407, 8425, 0.35703264095, 4, -1, 1671, 1680, 0.268102932376, 0.278571428571
sanysidro019-2010.png, 4051, 4724, 8775, 0.334131054131, 4, -1, 1700, 1671, 0.341764705882, 0.342908438061
sanysidro020-2010.png, 3036, 3671, 6707, 0.260921425376, 4, -1, 1050, 1055, 0.424761904762, 0.376303317536
sanysidro021-2010.png, 2254, 2910, 5164, 0.187451587916, 4, -1, 599, 579, 0.510851419032, 0.554404145078
sanysidro022-2010.png, 1031, 2350, 3381, 0.182194616977, 4, -1, 367, 409, 0.517711171662, 0.572127139364
sanysidro023-2010.png, 233, 949, 1182, 0.0710659898477, 4, -1, 58, 75, 0.844827586207, 0.8
sanysidro024-2010.png, 209, 920, 1129, 0.191319751993, 4, -1, 120, 149, 0.225, 0.402684563758
sanysidro025-2010.png, 3341, 4205, 7546, 0.499072356215, 4, -1, 2034, 2082, 0.157817109145, 0.180595581172
sanysidro026-2010.png, 4013, 4780, 8793, 0.374616171955, 4, -1, 1817, 1856, 0.303247110622, 0.308728448276
sanysidro027-2010.png, 3097, 4125, 7222, 0.334810301855, 4, -1, 1366, 1437, 0.402635431918, 0.381350034795
sanysidro028-2010.png, 3600, 4680, 8280, 0.383333333333, 4, -1, 1753, 1825, 0.304050199658, 0.317808219178
sanysidro029-2010.png, 3421, 4472, 7893, 0.224502723933, 4, -1, 1065, 1035, 0.523004694836, 0.469565217391
sanysidro030-2010.png, 2135, 3994, 6129, 0.130853320281, 4, -1, 490, 536, 0.618367346939, 0.615671641791
sanysidro031-2010.png, 252, 840, 1092, 0.047619047619, 4, -1, 36, 36, 0.638888888889, 0.777777777778
sanysidro032-2010.png, 459, 851, 1310, 0.247328244275, 4, -1, 190, 205, 0.452631578947, 0.385365853659
sanysidro033-2010.png, 3078, 3964, 7042, 0.510082362965, 4, -1, 1962, 2005, 0.168195718654, 0.183541147132
sanysidro034-2010.png, 3443, 4525, 7968, 0.358935742972, 4, -1, 1587, 1655, 0.293005671078, 0.287613293051
sanysidro035-2010.png, 3969, 4993, 8962, 0.31019861638, 4, -1, 1568, 1627, 0.375, 0.412415488629
sanysidro036-2010.png, 2835, 4203, 7038, 0.264847968173, 4, -1, 1032, 1106, 0.40988372093, 0.44122965642
sanysidro037-2010.png, 3550, 4303, 7853, 0.228447726983, 4, -1, 1063, 1061, 0.463781749765, 0.476908576814
sanysidro038-2010.png, 1976, 3292, 5268, 0.170083523159, 4, -1, 519, 565, 0.520231213873, 0.637168141593
sanysidro039-2010.png, 335, 1077, 1412, 0.0127478753541, 4, -1, 9, 17, 0.0, 1.35294117647
sanysidro040-2010.png, 279, 602, 881, 0.0363223609535, 4, -1, 21, 28, 0.380952380952, 0.785714285714
sanysidro041-2010.png, 3307, 4024, 7331, 0.506615741372, 4, -1, 2025, 2051, 0.168888888889, 0.182350073135
sanysidro042-2010.png, 3550, 4710, 8260, 0.337772397094, 4, -1, 1518, 1598, 0.272727272727, 0.338548185232
sanysidro043-2010.png, 3530, 4946, 8476, 0.250825861255, 4, -1, 1213, 1257, 0.43363561418, 0.447891805887
sanysidro044-2010.png, 2384, 3054, 5438, 0.201544685546, 4, -1, 625, 668, 0.4976, 0.426646706587
sanysidro045-2010.png, 727, 1167, 1894, 0.119324181626, 4, -1, 143, 164, 0.79020979021, 0.65243902439
sanysidro046-2010.png, 1080, 2105, 3185, 0.0175824175824, 4, -1, 40, 60, 1.275, 1.48333333333
sanysidro047-2010.png, 566, 1145, 1711, 0.128579777908, 4, -1, 130, 139, 0.553846153846, 0.489208633094
sanysidro048-2010.png, 670, 1169, 1839, 0.336052202284, 4, -1, 339, 366, 0.283185840708, 0.229508196721
sanysidro049-2010.png, 2957, 3976, 6933, 0.397807586903, 4, -1, 1503, 1542, 0.198935462409, 0.193904020752
sanysidro050-2010.png, 3125, 4426, 7551, 0.295589988081, 4, -1, 1263, 1303, 0.40063341251, 0.383729854183
sanysidro051-2010.png, 3322, 4754, 8076, 0.284299157999, 4, -1, 1276, 1346, 0.434169278997, 0.398959881129
sanysidro052-2010.png, 1592, 2903, 4495, 0.232703003337, 4, -1, 619, 670, 0.35056542811, 0.383582089552
sanysidro053-2010.png, 204, 1026, 1230, 0.0666666666667, 4, -1, 50, 86, 0.74, 0.93023255814
sanysidro054-2010.png, 781, 2032, 2813, 0.0191965872734, 4, -1, 33, 45, 1.0, 1.24444444444
sanysidro055-2010.png, 1034, 1592, 2626, 0.126428027418, 4, -1, 209, 218, 0.526315789474, 0.490825688073
sanysidro056-2010.png, 999, 1764, 2763, 0.323561346363, 4, -1, 509, 544, 0.247544204322, 0.308823529412
sanysidro057-2010.png, 2983, 4252, 7235, 0.495093296475, 4, -1, 1940, 2000, 0.169587628866, 0.1825
sanysidro058-2010.png, 3835, 5155, 8990, 0.254505005562, 4, -1, 1274, 1337, 0.394819466248, 0.427075542259
sanysidro059-2010.png, 3760, 5172, 8932, 0.26354679803, 4, -1, 1327, 1373, 0.442351168048, 0.42170429716
sanysidro060-2010.png, 2267, 4220, 6487, 0.205025435486, 4, -1, 761, 795, 0.361366622865, 0.459119496855
sanysidro061-2010.png, 1917, 3429, 5346, 0.223344556678, 4, -1, 688, 717, 0.440406976744, 0.44769874477
sanysidro062-2010.png, 515, 2139, 2654, 0.0783722682743, 4, -1, 126, 160, 0.611111111111, 0.63125
sanysidro063-2010.png, 1693, 2313, 4006, 0.201198202696, 4, -1, 472, 475, 0.442796610169, 0.429473684211
sanysidro064-2010.png, 2491, 3760, 6251, 0.411134218525, 4, -1, 1412, 1468, 0.233002832861, 0.243188010899
yuba001-2010.png, 1983, 3982, 5965, 0.237384744342, 4, -1, 793, 908, 0.407313997478, 0.440528634361
yuba002-2010.png, 2531, 4733, 7264, 0.421530837004, 4, -1, 1670, 1807, 0.203592814371, 0.235749861649
yuba003-2010.png, 1461, 2647, 4108, 0.309152872444, 4, -1, 710, 785, 0.292957746479, 0.308280254777
yuba004-2010.png, 1974, 3107, 5081, 0.35898445188, 4, -1, 1001, 1064, 0.276723276723, 0.288533834586
yuba005-2010.png, 882, 1337, 2219, 0.383055430374, 4, -1, 498, 539, 0.359437751004, 0.317254174397
yuba006-2010.png, 1318, 1847, 3165, 0.293838862559, 4, -1, 552, 582, 0.403985507246, 0.426116838488
yuba007-2010.png, 1228, 1265, 2493, 0.314480545527, 4, -1, 484, 498, 0.398760330579, 0.409638554217
yuba008-2010.png, 779, 676, 1455, 0.272164948454, 4, -1, 270, 259, 0.540740740741, 0.552123552124
yuba009-2010.png, 1916, 4312, 6228, 0.2591522158, 4, -1, 900, 1021, 0.332222222222, 0.391772771792
yuba010-2010.png, 2560, 4917, 7477, 0.382773839775, 4, -1, 1561, 1653, 0.171684817425, 0.238354506957
yuba011-2010.png, 1883, 3306, 5189, 0.310271728657, 4, -1, 915, 970, 0.337704918033, 0.350515463918
yuba012-2010.png, 2525, 4000, 6525, 0.417164750958, 4, -1, 1466, 1575, 0.209413369714, 0.248253968254
yuba013-2010.png, 1596, 2306, 3902, 0.337775499744, 4, -1, 750, 780, 0.301333333333, 0.271794871795
yuba014-2010.png, 1001, 1566, 2567, 0.393455395403, 4, -1, 589, 643, 0.373514431239, 0.326594090202
yuba015-2010.png, 1001, 1250, 2251, 0.326077298978, 4, -1, 444, 476, 0.425675675676, 0.40756302521
yuba016-2010.png, 1024, 499, 1523, 0.160210111622, 4, -1, 169, 142, 0.556213017751, 0.380281690141
yuba017-2010.png, 1953, 3626, 5579, 0.35382685069, 4, -1, 1108, 1170, 0.26714801444, 0.24358974359
yuba018-2010.png, 2732, 5092, 7824, 0.397750511247, 4, -1, 1701, 1762, 0.178718400941, 0.217934165721
yuba019-2010.png, 2714, 4358, 7072, 0.410916289593, 4, -1, 1560, 1642, 0.200641025641, 0.231425091352
yuba020-2010.png, 1286, 2674, 3960, 0.404545454545, 4, -1, 875, 961, 0.201142857143, 0.227887617066
yuba021-2010.png, 1353, 2372, 3725, 0.323758389262, 4, -1, 690, 757, 0.313043478261, 0.350066050198
yuba022-2010.png, 1064, 1683, 2747, 0.278121587186, 4, -1, 467, 491, 0.331905781585, 0.344195519348
yuba023-2010.png, 617, 1042, 1659, 0.336347197107, 4, -1, 319, 364, 0.28526645768, 0.335164835165
yuba024-2010.png, 1555, 911, 2466, 0.185725871857, 4, -1, 297, 267, 0.515151515152, 0.464419475655
yuba025-2010.png, 1865, 4188, 6053, 0.263340492318, 4, -1, 867, 995, 0.301038062284, 0.36783919598
yuba026-2010.png, 1344, 3137, 4481, 0.320910511047, 4, -1, 801, 906, 0.23595505618, 0.281456953642
yuba027-2010.png, 2404, 3572, 5976, 0.33734939759, 4, -1, 1110, 1199, 0.254954954955, 0.270225187656
yuba028-2010.png, 1543, 2759, 4302, 0.367735936774, 4, -1, 880, 949, 0.198863636364, 0.251844046365
yuba029-2010.png, 1070, 2269, 3339, 0.403114705001, 4, -1, 748, 808, 0.258021390374, 0.221534653465
yuba030-2010.png, 1486, 2351, 3837, 0.299192077144, 4, -1, 663, 723, 0.387631975867, 0.377593360996
yuba031-2010.png, 1549, 2114, 3663, 0.310674310674, 4, -1, 665, 712, 0.356390977444, 0.332865168539
yuba032-2010.png, 996, 644, 1640, 0.171951219512, 4, -1, 179, 172, 0.435754189944, 0.31976744186
yuba033-2010.png, 876, 1563, 2439, 0.286182861829, 4, -1, 396, 441, 0.376262626263, 0.458049886621
yuba034-2010.png, 903, 2202, 3105, 0.267954911433, 4, -1, 472, 539, 0.286016949153, 0.313543599258
yuba035-2010.png, 1528, 1991, 3519, 0.487070190395, 4, -1, 954, 978, 0.19392033543, 0.21472392638
yuba036-2010.png, 750, 1244, 1994, 0.405215646941, 4, -1, 452, 490, 0.21017699115, 0.202040816327
yuba037-2010.png, 2111, 3149, 5260, 0.300380228137, 4, -1, 885, 931, 0.317514124294, 0.353383458647
yuba038-2010.png, 2265, 3486, 5751, 0.251434533125, 4, -1, 834, 877, 0.381294964029, 0.396807297605
yuba039-2010.png, 2090, 3158, 5248, 0.348323170732, 4, -1, 1033, 1063, 0.283639883833, 0.29727187206
yuba040-2010.png, 1783, 2586, 4369, 0.218814373999, 4, -1, 539, 589, 0.365491651206, 0.322580645161
yuba041-2010.png, 843, 1669, 2512, 0.264331210191, 4, -1, 385, 418, 0.449350649351, 0.370813397129
yuba042-2010.png, 913, 1861, 2774, 0.340302811824, 4, -1, 540, 604, 0.296296296296, 0.324503311258
yuba043-2010.png, 1325, 1713, 3038, 0.369980250165, 4, -1, 638, 694, 0.311912225705, 0.311239193084
yuba044-2010.png, 693, 703, 1396, 0.388252148997, 4, -1, 325, 317, 0.249230769231, 0.261829652997
yuba045-2010.png, 1310, 1703, 3013, 0.394291403916, 4, -1, 676, 723, 0.310650887574, 0.37897648686
yuba046-2010.png, 1996, 2588, 4584, 0.253926701571, 4, -1, 681, 712, 0.348017621145, 0.327247191011
yuba047-2010.png, 2377, 3582, 5959, 0.375901996979, 4, -1, 1233, 1299, 0.296836982968, 0.280215550423
yuba048-2010.png, 2555, 3871, 6426, 0.269841269841, 4, -1, 975, 1050, 0.342564102564, 0.36
yuba049-2010.png, 1451, 2315, 3766, 0.330855018587, 4, -1, 713, 774, 0.335203366059, 0.286821705426
yuba050-2010.png, 1198, 2294, 3492, 0.3264604811, 4, -1, 635, 720, 0.277165354331, 0.294444444444
yuba051-2010.png, 1389, 1798, 3187, 0.336366488861, 4, -1, 618, 669, 0.352750809061, 0.364723467862
yuba052-2010.png, 959, 1055, 2014, 0.421052631579, 4, -1, 501, 503, 0.281437125749, 0.278330019881
yuba053-2010.png, 1351, 1575, 2926, 0.311004784689, 4, -1, 553, 570, 0.368896925859, 0.384210526316
yuba054-2010.png, 1214, 1614, 2828, 0.388967468175, 4, -1, 659, 684, 0.42033383915, 0.396198830409
yuba055-2010.png, 1248, 1748, 2996, 0.334445927904, 4, -1, 580, 603, 0.275862068966, 0.270315091211
yuba056-2010.png, 1319, 2718, 4037, 0.311122120386, 4, -1, 691, 774, 0.263386396527, 0.346253229974
yuba057-2010.png, 1448, 2411, 3859, 0.289712360715, 4, -1, 662, 724, 0.391238670695, 0.331491712707
yuba058-2010.png, 907, 1718, 2625, 0.213333333333, 4, -1, 325, 353, 0.323076923077, 0.334277620397
yuba059-2010.png, 1463, 1922, 3385, 0.354505169867, 4, -1, 710, 736, 0.30985915493, 0.334239130435
yuba060-2010.png, 977, 1247, 2224, 0.330035971223, 4, -1, 435, 460, 0.303448275862, 0.441304347826
yuba061-2010.png, 1286, 1363, 2649, 0.448471121178, 4, -1, 705, 723, 0.286524822695, 0.262793914246
yuba062-2010.png, 1602, 2353, 3955, 0.340328697851, 4, -1, 770, 821, 0.346753246753, 0.309378806334
yuba063-2010.png, 1092, 1348, 2440, 0.387704918033, 4, -1, 558, 594, 0.295698924731, 0.279461279461
yuba064-2010.png, 1776, 2729, 4505, 0.355160932297, 4, -1, 902, 935, 0.270509977827, 0.252406417112
