Filename, N_kps1, N_kps2, Total_kps2, N_matches, average_match_rate, n_forward, n_backward, n_not_first_match_forward, n_not_first_match_backward, old_average_match_rate,difference,dif2,, average_match_rate_reduced_CC,,,
jenner001-2010.png,1231,1444,2675,151,0.112897196,172,171,0,0,0.118130841,-0.044303796,0.001962826,0.005375155,0.112897196,0,0,1.4119E-07
jenner002-2010.png,1183,1562,2745,166,0.120947177,190,197,0,0,0.128233151,-0.05681818,0.003228306,0.073315451,0.120947177,0,0,0.000375753
jenner003-2010.png,2099,2319,4418,157,0.071072884,178,191,0,0,0.077410593,-0.081871345,0.006702917,,0.071072884,0,0,
jenner004-2010.png,1352,1704,3056,134,0.087696335,151,157,0,0,0.092931937,-0.056338026,0.003173973,,0.087696335,0,0,
jenner005-2010.png,1547,2345,3892,54,0.027749229,65,75,0,0,0.030832477,-0.100000004,0.010000001,,0.027749229,0,0,
jenner006-2010.png,1627,2170,3797,408,0.214906505,447,454,0,0,0.224914406,-0.044496487,0.001979937,,0.215433237,-0.000526732,2.77446E-07,
jenner007-2010.png,1446,2109,3555,343,0.192967651,370,388,0,0,0.199156118,-0.031073446,0.000965559,,0.193530239,-0.000562588,3.16505E-07,
jenner008-2010.png,2279,3059,5338,437,0.163731735,481,487,0,0,0.168977145,-0.031042129,0.000963614,,0.163731735,0,0,
jenner009-2010.png,918,1332,2250,180,0.16,193,199,0,0,0.164444444,-0.027027024,0.00073046,,0.16,0,0,
jenner010-2010.png,1221,1803,3024,60,0.03968254,72,67,0,0,0.040343915,-0.016393434,0.000268745,,0.03968254,0,0,
jenner011-2010.png,1481,1335,2816,50,0.035511364,60,69,0,0,0.040482955,-0.122807027,0.015081566,,0.035511364,0,0,
jenner012-2010.png,1867,2239,4106,312,0.151972723,343,349,0,0,0.154895275,-0.018867923,0.000355999,,0.152459815,-0.000487092,2.37259E-07,
jenner013-2010.png,2173,2827,5000,191,0.0764,214,224,0,0,0.0796,-0.040201005,0.001616121,,0.0764,0,0,
jenner014-2010.png,2013,2285,4298,154,0.071661238,176,182,0,0,0.076314565,-0.060975611,0.003718025,,0.071661238,0,0,
jenner015-2010.png,1136,1532,2668,162,0.12143928,188,182,0,0,0.126686657,-0.041420121,0.001715626,,0.12143928,0,0,
jenner016-2010.png,1657,1970,3627,218,0.12020954,239,236,0,0,0.122415219,-0.018018017,0.000324649,,0.120760959,-0.00055142,3.04064E-07,
jenner017-2010.png,1787,1639,3426,229,0.133683596,251,247,0,0,0.13543491,-0.012931038,0.000167212,,0.133683596,0,0,
jenner018-2010.png,1618,2356,3974,202,0.101660795,221,234,0,0,0.105183694,-0.033492823,0.001121769,,0.101660795,0,0,
jenner019-2010.png,2141,1969,4110,35,0.01703163,56,45,0,0,0.018491484,-0.078947359,0.006232686,,0.01703163,0,0,
jenner020-2010.png,1141,1477,2618,157,0.119938885,183,177,0,0,0.124522536,-0.036809814,0.001354962,,0.119938885,0,0,
jenner021-2010.png,1786,2648,4434,162,0.073071719,186,190,0,0,0.078484438,-0.068965512,0.004756242,,0.073071719,0,0,
jenner022-2010.png,1876,1939,3815,179,0.093840105,195,208,0,0,0.096985583,-0.03243243,0.001051863,,0.093840105,0,0,
jenner023-2010.png,1183,1441,2624,222,0.169207317,243,254,0,0,0.179878049,-0.059322035,0.003519104,,0.169207317,0,0,
jenner024-2010.png,1701,2250,3951,343,0.17362693,382,380,0,0,0.180207542,-0.036516852,0.00133348,,0.174133131,-0.000506201,2.56239E-07,
jenner025-2010.png,2639,3077,5716,714,0.249825052,768,766,0,0,0.256822953,-0.027247956,0.000742451,,0.249825052,0,0,
jenner026-2010.png,1577,2536,4113,125,0.060782884,137,158,0,0,0.065645514,-0.074074071,0.005486968,,0.060782884,0,0,
jenner027-2010.png,2675,2619,5294,203,0.076690593,234,231,0,0,0.080090669,-0.042452834,0.001802243,,0.076690593,0,0,
jenner028-2010.png,807,1018,1825,58,0.063561644,68,69,0,0,0.070136986,-0.093749996,0.008789062,,0.063561644,0,0,
jenner029-2010.png,2074,3076,5150,338,0.131262136,376,397,0,0,0.140194175,-0.063711913,0.004059208,,0.131262136,0,0,
jenner030-2010.png,1621,2334,3955,302,0.152718078,335,343,0,0,0.160303413,-0.04731861,0.002239051,,0.152718078,0,0,
jenner031-2010.png,1415,2181,3596,271,0.150723026,304,310,0,0,0.155172414,-0.028673836,0.000822189,,0.151835373,-0.001112347,1.23732E-06,
jenner032-2010.png,1995,2388,4383,299,0.136436231,341,354,0,0,0.144193475,-0.05379747,0.002894168,,0.136892539,-0.000456308,2.08217E-07,
jenner033-2010.png,1917,2353,4270,379,0.177517564,424,423,0,0,0.183606557,-0.033163263,0.001099802,,0.177517564,0,0,
jenner034-2010.png,1984,2752,4736,150,0.063344595,168,176,0,0,0.06714527,-0.05660377,0.003203987,,0.063344595,0,0,
jenner035-2010.png,2584,2706,5290,222,0.083931947,253,259,0,0,0.08657845,-0.030567687,0.000934383,,0.083931947,0,0,
jenner036-2010.png,1156,1426,2582,183,0.141750581,205,203,0,0,0.146398141,-0.031746032,0.001007811,,0.142525174,-0.000774593,5.99995E-07,
jenner037-2010.png,1530,2502,4032,219,0.108630952,239,256,0,0,0.112599206,-0.035242288,0.001242019,,0.108630952,0,0,
jenner038-2010.png,1356,1945,3301,203,0.122993032,226,243,0,0,0.130263556,-0.05581395,0.003115197,,0.122993032,0,0,
jenner039-2010.png,696,1080,1776,91,0.102477477,100,97,0,0,0.10472973,-0.021505379,0.000462481,,0.102477477,0,0,
jenner040-2010.png,1409,1624,3033,170,0.112100231,190,196,0,0,0.118694362,-0.055555555,0.00308642,,0.112100231,0,0,
jenner041-2010.png,1714,2638,4352,216,0.099264706,244,253,0,0,0.105698529,-0.060869562,0.003705104,,0.099724265,-0.000459559,2.11194E-07,
jenner042-2010.png,2330,3287,5617,330,0.117500445,358,369,0,0,0.119992879,-0.020771515,0.000431456,,0.117500445,0,0,
jenner043-2010.png,1837,2104,3941,233,0.1182441,259,255,0,0,0.121796498,-0.029166664,0.000850694,,0.1182441,0,0,
jenner044-2010.png,1252,1622,2874,247,0.171885873,276,271,0,0,0.177453027,-0.031372548,0.000984237,,0.172581768,-0.000695894,4.84269E-07,
jenner045-2010.png,1716,2609,4325,223,0.103121387,244,250,0,0,0.105895954,-0.026200876,0.000686486,,0.103121387,0,0,
jenner046-2010.png,1451,2089,3540,372,0.210169492,404,425,0,0,0.219774011,-0.043701798,0.001909847,,0.210169492,0,0,
jenner047-2010.png,1014,1515,2529,185,0.146302887,203,197,0,0,0.147884539,-0.010695185,0.000114387,,0.146302887,0,0,
jenner048-2010.png,1846,2204,4050,271,0.13382716,290,312,0,0,0.141234568,-0.052447553,0.002750746,,0.13382716,0,0,
jenner049-2010.png,1557,2156,3713,264,0.14220307,296,289,0,0,0.147050902,-0.032967031,0.001086825,,0.14220307,0,0,
jenner050-2010.png,1402,2452,3854,227,0.117799689,251,270,0,0,0.120913337,-0.025751075,0.000663118,,0.117799689,0,0,
jenner051-2010.png,1574,1691,3265,158,0.096784074,175,177,0,0,0.099234303,-0.024691356,0.000609663,,0.096784074,0,0,
jenner052-2010.png,1055,1464,2519,268,0.21278285,287,292,0,0,0.219928543,-0.032490974,0.001055663,,0.213576816,-0.000793966,6.30382E-07,
jenner053-2010.png,1217,2040,3257,185,0.113601474,201,206,0,0,0.114829598,-0.010695189,0.000114387,,0.113601474,0,0,
jenner054-2010.png,973,1232,2205,146,0.132426304,165,167,0,0,0.13877551,-0.045751633,0.002093212,,0.132426304,0,0,
jenner055-2010.png,873,1112,1985,168,0.169269521,185,186,0,0,0.172292191,-0.017543857,0.000307787,,0.169269521,0,0,
jenner056-2010.png,1274,1235,2509,104,0.082901554,117,118,0,0,0.088481467,-0.063063066,0.00397695,,0.082901554,0,0,
jenner057-2010.png,1669,2118,3787,376,0.198574069,403,397,0,0,0.202799049,-0.020833332,0.000434028,,0.199102192,-0.000528123,2.78913E-07,
jenner058-2010.png,1323,2490,3813,286,0.150013113,309,321,0,0,0.154209284,-0.027210884,0.000740432,,0.150013113,0,0,
jenner059-2010.png,1574,1846,3420,242,0.141520468,276,267,0,0,0.146783626,-0.035856575,0.001285694,,0.141520468,0,0,
jenner060-2010.png,802,1118,1920,75,0.078125,82,91,0,0,0.082291667,-0.050632915,0.002563692,,0.078125,0,0,
jenner061-2010.png,825,1575,2400,60,0.05,70,73,0,0,0.0525,-0.047619048,0.002267574,,0.05,0,0,
jenner062-2010.png,694,852,1546,105,0.135834411,112,110,0,0,0.138421734,-0.018691592,0.000349376,,0.135834411,0,0,
jenner063-2010.png,1019,1445,2464,201,0.163149351,212,216,0,0,0.166396104,-0.019512196,0.000380726,,0.163149351,0,0,
jenner064-2010.png,1339,1389,2728,146,0.107038123,165,161,0,0,0.110703812,-0.03311258,0.001096443,,0.107038123,0,0,
losangeles001-2010.png,2652,3887,6539,181,0.055360147,229,252,0,0,0.063006576,-0.121359224,0.014728061,,0.055360147,0,0,
losangeles002-2010.png,3483,5272,8755,431,0.098458024,488,512,0,0,0.104854369,-0.061002179,0.003721266,,0.098686465,-0.000228441,5.21852E-08,
losangeles003-2010.png,1543,4002,5545,378,0.136339044,418,431,0,0,0.142470694,-0.043037973,0.001852267,,0.137060415,-0.000721371,5.20376E-07,
losangeles004-2010.png,859,3242,4101,141,0.068763716,153,168,0,0,0.07071446,-0.027586208,0.000760999,,0.068763716,0,0,
losangeles005-2010.png,1553,3940,5493,405,0.147460404,430,465,0,0,0.155834699,-0.05373832,0.002887807,,0.147460404,0,0,
losangeles006-2010.png,2221,4441,6662,500,0.150105074,531,564,0,0,0.156109276,-0.038461535,0.00147929,,0.150105074,0,0,
losangeles007-2010.png,2574,4033,6607,806,0.243983654,865,880,0,0,0.251248676,-0.028915664,0.000836116,,0.243983654,0,0,
losangeles008-2010.png,2523,4400,6923,766,0.221291348,810,842,0,0,0.22706919,-0.025445294,0.000647463,,0.22158024,-0.000288892,8.34586E-08,
losangeles009-2010.png,2991,4928,7919,173,0.043692385,215,243,0,0,0.047985857,-0.089473688,0.008005541,,0.043692385,0,0,
losangeles010-2010.png,3131,4900,8031,575,0.143195119,611,638,0,0,0.147179679,-0.02707276,0.000732934,,0.143195119,0,0,
losangeles011-2010.png,2256,4714,6970,686,0.196843615,725,762,0,0,0.203156385,-0.031073449,0.000965559,,0.19713056,-0.000286944,8.23369E-08,
losangeles012-2010.png,1949,3447,5396,495,0.183469236,537,559,0,0,0.19125278,-0.040697675,0.001656301,,0.183839881,-0.000370645,1.37378E-07,
losangeles013-2010.png,2156,4206,6362,591,0.185790632,641,653,0,0,0.19050613,-0.024752474,0.000612685,,0.185790632,0,0,
losangeles014-2010.png,3267,4918,8185,893,0.218204032,961,977,0,0,0.226023213,-0.034594594,0.001196786,,0.218448381,-0.000244349,5.97066E-08,
losangeles015-2010.png,1268,3012,4280,386,0.180373832,414,441,0,0,0.188317757,-0.042183623,0.001779458,,0.180373832,0,0,
losangeles016-2010.png,2223,4318,6541,630,0.192631096,660,684,0,0,0.198746369,-0.03076923,0.000946746,,0.192631096,0,0,
losangeles017-2010.png,3041,4339,7380,220,0.059620596,256,281,0,0,0.063685637,-0.063829789,0.004074242,,0.059620596,0,0,
losangeles018-2010.png,3006,3988,6994,658,0.188161281,735,727,0,0,0.196454104,-0.042212521,0.001781897,,0.1887332,-0.000571919,3.27091E-07,
losangeles019-2010.png,1602,3494,5096,433,0.169937206,470,500,0,0,0.176609105,-0.037777777,0.00142716,,0.17032967,-0.000392465,1.54029E-07,
losangeles020-2010.png,2064,3761,5825,563,0.193304721,602,650,0,0,0.205321888,-0.058528426,0.003425577,,0.193304721,0,0,
losangeles021-2010.png,2047,3487,5534,476,0.172027467,520,557,0,0,0.183953741,-0.064833008,0.004203319,,0.172027467,0,0,
losangeles022-2010.png,2921,4660,7581,753,0.198654531,808,833,0,0,0.207888141,-0.044416242,0.001972803,,0.198918349,-0.000263817,6.95996E-08,
losangeles023-2010.png,2287,4216,6503,688,0.211594649,719,758,0,0,0.216207904,-0.021337126,0.000455273,,0.211902199,-0.00030755,9.45872E-08,
losangeles024-2010.png,3000,4667,7667,844,0.220164341,882,908,0,0,0.224859789,-0.020881672,0.000436044,,0.220164341,0,0,
losangeles025-2010.png,2780,4262,7042,154,0.043737575,185,232,0,0,0.051689861,-0.153846157,0.02366864,,0.043737575,0,0,
losangeles026-2010.png,3032,4477,7509,526,0.140098548,588,605,0,0,0.146224531,-0.041894356,0.001755137,,0.140098548,0,0,
losangeles027-2010.png,1900,3756,5656,557,0.196958982,606,616,0,0,0.205799151,-0.042955325,0.00184516,,0.196958982,0,0,
losangeles028-2010.png,1906,3437,5343,576,0.215609208,607,629,0,0,0.22084971,-0.023728814,0.000563057,,0.215609208,0,0,
losangeles029-2010.png,2505,3428,5933,677,0.228215068,734,764,0,0,0.241024777,-0.053146854,0.002824588,,0.228552166,-0.000337098,1.13635E-07,
losangeles030-2010.png,2826,4570,7396,696,0.188209843,750,786,0,0,0.193618172,-0.027932961,0.00078025,,0.188209843,0,0,
losangeles031-2010.png,2801,4265,7066,830,0.234927823,887,909,0,0,0.244551373,-0.039351853,0.001548568,,0.234927823,0,0,
losangeles032-2010.png,2842,4524,7366,781,0.21205539,838,861,0,0,0.21938637,-0.033415842,0.001116619,,0.212326907,-0.000271518,7.37219E-08,
losangeles033-2010.png,3208,4557,7765,221,0.056922086,266,297,0,0,0.063876368,-0.108870963,0.011852887,,0.056922086,0,0,
losangeles034-2010.png,3517,4684,8201,276,0.067308865,317,343,0,0,0.07316181,-0.080000006,0.006400001,,0.067308865,0,0,
losangeles035-2010.png,1880,4075,5955,522,0.175314861,566,589,0,0,0.181024349,-0.031539887,0.000994764,,0.175314861,0,0,
losangeles036-2010.png,2171,4057,6228,562,0.180475273,603,621,0,0,0.184649968,-0.022608696,0.000511153,,0.180475273,0,0,
losangeles037-2010.png,2257,4127,6384,571,0.178884712,624,650,0,0,0.185150376,-0.033840948,0.00114521,,0.178884712,0,0,
losangeles038-2010.png,2689,4340,7029,692,0.196898563,753,773,0,0,0.203442879,-0.03216783,0.001034769,,0.197183099,-0.000284535,8.09604E-08,
losangeles039-2010.png,2771,4325,7096,856,0.241262683,921,935,0,0,0.25,-0.034949267,0.001221451,,0.241262683,0,0,
losangeles040-2010.png,2889,4516,7405,826,0.223092505,885,923,0,0,0.232005402,-0.038416765,0.001475848,,0.223092505,0,0,
losangeles041-2010.png,3702,4877,8579,194,0.045226716,244,258,0,0,0.052686793,-0.141592915,0.020048554,,0.045459844,-0.000233127,5.43484E-08,
losangeles042-2010.png,3358,4090,7448,505,0.135606874,554,578,0,0,0.141514501,-0.041745734,0.001742706,,0.135606874,0,0,
losangeles043-2010.png,1671,3389,5060,380,0.150197628,411,452,0,0,0.158893281,-0.05472637,0.002994976,,0.150592885,-0.000395257,1.56228E-07,
losangeles044-2010.png,2012,3852,5864,440,0.150068213,464,491,0,0,0.155866303,-0.037199126,0.001383775,,0.150068213,0,0,
losangeles045-2010.png,2529,4177,6706,496,0.147927229,538,556,0,0,0.154488518,-0.042471044,0.00180379,,0.147927229,0,0,
losangeles046-2010.png,2665,4088,6753,616,0.182437435,684,700,0,0,0.192210869,-0.050847456,0.002585464,,0.182437435,0,0,
losangeles047-2010.png,2694,4113,6807,866,0.254443955,919,926,0,0,0.260907889,-0.024774775,0.000613789,,0.254443955,0,0,
losangeles048-2010.png,2586,4387,6973,722,0.207084469,766,793,0,0,0.213968163,-0.032171582,0.001035011,,0.207084469,0,0,
losangeles049-2010.png,3307,4363,7670,160,0.041720991,215,215,0,0,0.045632334,-0.08571429,0.00734694,,0.041720991,0,0,
losangeles050-2010.png,3247,4106,7353,626,0.170270638,698,711,0,0,0.179518564,-0.051515152,0.002653811,,0.170270638,0,0,
losangeles051-2010.png,2414,4105,6519,489,0.15002301,538,575,0,0,0.156772511,-0.043052837,0.001853547,,0.15002301,0,0,
losangeles052-2010.png,2612,4296,6908,554,0.160393746,625,620,0,0,0.169079328,-0.051369861,0.002638863,,0.160393746,0,0,
losangeles053-2010.png,2787,4052,6839,632,0.184822342,694,725,0,0,0.192425793,-0.039513677,0.001561331,,0.184822342,0,0,
losangeles054-2010.png,3211,4604,7815,814,0.208317338,878,891,0,0,0.21753039,-0.04235294,0.001793772,,0.208317338,0,0,
losangeles055-2010.png,2787,4238,7025,936,0.266476868,978,988,0,0,0.269893238,-0.012658226,0.000160231,,0.266476868,0,0,
losangeles056-2010.png,2536,3893,6429,657,0.204386374,700,712,0,0,0.210919272,-0.030973451,0.000959355,,0.204386374,0,0,
losangeles057-2010.png,3192,4368,7560,195,0.051587302,241,250,0,0,0.055291005,-0.066985641,0.004487076,,0.051587302,0,0,
losangeles058-2010.png,3250,4647,7897,489,0.123844498,524,556,0,0,0.129162973,-0.041176468,0.001695502,,0.124097759,-0.000253261,6.4141E-08,
losangeles059-2010.png,2553,4739,7292,458,0.125617115,498,517,0,0,0.129456939,-0.029661016,0.000879776,,0.125617115,0,0,
losangeles060-2010.png,3223,4841,8064,817,0.202628968,857,898,0,0,0.210565476,-0.037691401,0.001420642,,0.202628968,0,0,
losangeles061-2010.png,2890,4220,7110,699,0.196624473,757,760,0,0,0.202531646,-0.029166669,0.000850695,,0.196624473,0,0,
losangeles062-2010.png,3131,4542,7673,746,0.194448065,808,822,0,0,0.201225075,-0.033678757,0.001134259,,0.194448065,0,0,
losangeles063-2010.png,2506,4205,6711,753,0.224407689,804,812,0,0,0.230368052,-0.025873219,0.000669423,,0.224407689,0,0,
losangeles064-2010.png,2963,4401,7364,726,0.197175448,795,793,0,0,0.203422053,-0.030707609,0.000942957,,0.19744704,-0.000271592,7.3762E-08,
merced001-2010.png,3614,4717,8331,429,0.102988837,472,503,0,0,0.110911055,-0.071428571,0.005102041,,0.102988837,0,0,
merced002-2010.png,3585,4355,7940,134,0.033753149,167,180,0,0,0.037027708,-0.088435379,0.007820816,,0.033753149,0,0,
merced003-2010.png,866,1387,2253,108,0.09587217,129,130,0,0,0.104749223,-0.08474576,0.007181844,,0.096759876,-0.000887705,7.88021E-07,
merced004-2010.png,1039,1357,2396,168,0.140233723,204,214,0,0,0.160267112,-0.125000001,0.015625,,0.140233723,0,0,
merced005-2010.png,597,734,1331,101,0.15176559,118,120,0,0,0.163786627,-0.073394498,0.005386752,,0.15176559,0,0,
merced006-2010.png,360,637,997,26,0.052156469,33,43,0,0,0.066198596,-0.212121215,0.04499541,,0.052156469,0,0,
merced007-2010.png,291,504,795,13,0.032704403,24,21,0,0,0.040251572,-0.187499993,0.035156248,,0.032704403,0,0,
merced008-2010.png,239,227,466,22,0.094420601,28,25,0,0,0.094420601,-1.49967E-09,2.24902E-18,,0.094420601,0,0,
merced009-2010.png,2814,4533,7347,319,0.086838165,351,388,0,0,0.091465904,-0.050595233,0.002559878,,0.086838165,0,0,
merced010-2010.png,2709,4229,6938,174,0.050158547,209,209,0,0,0.051888152,-0.03333333,0.001111111,,0.050158547,0,0,
merced011-2010.png,675,964,1639,36,0.043929225,47,52,0,0,0.053691275,-0.181818179,0.03305785,,0.043929225,0,0,
merced012-2010.png,881,1129,2010,118,0.117412935,144,148,0,0,0.129353234,-0.092307693,0.00852071,,0.117412935,0,0,
merced013-2010.png,603,621,1224,33,0.053921569,46,47,0,0,0.058823529,-0.083333327,0.006944443,,0.053921569,0,0,
merced014-2010.png,823,1493,2316,76,0.065630397,92,103,0,0,0.075993092,-0.136363642,0.018595043,,0.066493955,-0.000863558,7.45732E-07,
merced015-2010.png,419,1038,1457,77,0.105696637,91,94,0,0,0.112560055,-0.060975611,0.003718025,,0.107069321,-0.001372684,1.88426E-06,
merced016-2010.png,550,767,1317,100,0.151860289,118,122,0,0,0.159453303,-0.047619048,0.002267574,,0.153378891,-0.001518603,2.30615E-06,
merced017-2010.png,1047,2001,3048,103,0.067585302,117,145,0,0,0.076771654,-0.119658125,0.014318067,,0.06824147,-0.000656168,4.30556E-07,
merced018-2010.png,1128,1834,2962,62,0.041863606,75,87,0,0,0.047265361,-0.11428571,0.013061223,,0.041863606,0,0,
merced019-2010.png,551,690,1241,11,0.017727639,16,22,0,0,0.029008864,-0.388888893,0.151234571,,0.017727639,0,0,
merced020-2010.png,432,405,837,43,0.102747909,52,52,0,0,0.109916368,-0.065217391,0.004253308,,0.105137395,-0.002389486,5.70964E-06,
merced021-2010.png,758,274,1032,10,0.019379845,17,11,0,0,0.019379845,-2.00208E-09,4.00832E-18,,0.019379845,0,0,
merced022-2010.png,796,359,1155,37,0.064069264,45,43,0,0,0.069264069,-0.074999996,0.005624999,,0.064069264,0,0,
merced023-2010.png,452,578,1030,40,0.077669903,48,66,0,0,0.108737864,-0.285714285,0.081632653,,0.077669903,0,0,
merced024-2010.png,149,500,649,15,0.046224961,19,26,0,0,0.055469954,-0.16666667,0.027777779,,0.046224961,0,0,
merced025-2010.png,611,1318,1929,44,0.045619492,53,84,0,0,0.061171591,-0.254237282,0.064636596,,0.046656299,-0.001036807,1.07497E-06,
merced026-2010.png,1003,1194,2197,79,0.071916249,101,102,0,0,0.077378243,-0.070588235,0.004982699,,0.071916249,0,0,
merced027-2010.png,1030,1011,2041,50,0.04899559,71,64,0,0,0.053895149,-0.090909084,0.008264461,,0.04899559,0,0,
merced028-2010.png,640,252,892,9,0.020179372,16,15,0,0,0.022421525,-0.100000014,0.010000003,,0.020179372,0,0,
merced029-2010.png,1684,112,1796,11,0.012249443,19,11,0,0,0.012249443,1.69069E-08,2.85843E-16,,0.012249443,0,0,
merced030-2010.png,1582,98,1680,3,0.003571429,8,3,0,0,0.003571429,-1.2E-07,1.43999E-14,,0.003571429,0,0,
merced031-2010.png,481,670,1151,51,0.088618593,60,61,0,0,0.09730669,-0.089285716,0.007971939,,0.088618593,0,0,
merced032-2010.png,269,356,625,10,0.032,12,11,0,0,0.032,0,0,,0.032,0,0,
merced033-2010.png,1256,1512,2768,245,0.177023121,274,276,0,0,0.182803468,-0.031620552,0.000999859,,0.177023121,0,0,
merced034-2010.png,935,1218,2153,44,0.0408732,59,60,0,0,0.044588946,-0.08333334,0.006944446,,0.0408732,0,0,
merced035-2010.png,626,375,1001,29,0.057942058,41,34,0,0,0.061938062,-0.06451613,0.004162331,,0.057942058,0,0,
merced036-2010.png,1367,490,1857,85,0.091545504,116,96,0,0,0.099084545,-0.076086957,0.005789225,,0.091545504,0,0,
merced037-2010.png,2973,968,3941,173,0.087794976,214,191,0,0,0.09286983,-0.054644809,0.002986055,,0.087794976,0,0,
merced038-2010.png,1850,186,2036,20,0.019646365,27,20,0,0,0.019646365,2.15002E-08,4.62257E-16,,0.019646365,0,0,
merced039-2010.png,784,472,1256,54,0.085987261,71,62,0,0,0.092356688,-0.068965518,0.004756243,,0.085987261,0,0,
merced040-2010.png,438,352,790,18,0.04556962,23,20,0,0,0.048101266,-0.052631582,0.002770083,,0.04556962,0,0,
merced041-2010.png,1033,1113,2146,169,0.15750233,208,202,0,0,0.168685927,-0.066298341,0.00439547,,0.15750233,0,0,
merced042-2010.png,1031,599,1630,29,0.035582822,46,43,0,0,0.044171779,-0.194444442,0.037808641,,0.035582822,0,0,
merced043-2010.png,1092,158,1250,22,0.0352,29,25,0,0,0.0368,-0.043478261,0.001890359,,0.0352,0,0,
merced044-2010.png,1433,291,1724,24,0.027842227,38,27,0,0,0.02900232,-0.039999994,0.0016,,0.027842227,0,0,
merced045-2010.png,3179,746,3925,149,0.075923567,186,160,0,0,0.077961783,-0.026143785,0.000683498,,0.075923567,0,0,
merced046-2010.png,2300,284,2584,41,0.031733746,60,43,0,0,0.031733746,4.09659E-09,1.6782E-17,,0.031733746,0,0,
merced047-2010.png,916,754,1670,137,0.164071856,155,156,0,0,0.173652695,-0.055172416,0.003043995,,0.165269461,-0.001197605,1.43426E-06,
merced048-2010.png,916,1210,2126,69,0.06491063,83,94,0,0,0.0724365,-0.103896098,0.010794399,,0.06491063,0,0,
merced049-2010.png,351,627,978,56,0.114519427,66,73,0,0,0.118609407,-0.034482759,0.001189061,,0.114519427,0,0,
merced050-2010.png,563,248,811,39,0.096177559,53,55,0,0,0.11837238,-0.187500002,0.035156251,,0.09864365,-0.002466091,6.08161E-06,
merced051-2010.png,1085,213,1298,20,0.030816641,29,23,0,0,0.033898305,-0.090909089,0.008264462,,0.032357473,-0.001540832,2.37416E-06,
merced052-2010.png,2085,186,2271,17,0.014971378,31,20,0,0,0.017613386,-0.149999992,0.022499997,,0.014971378,0,0,
merced053-2010.png,2232,193,2425,22,0.01814433,38,22,0,0,0.01814433,-5.68222E-09,3.22876E-17,,0.01814433,0,0,
merced054-2010.png,1796,115,1911,6,0.006279435,14,9,0,0,0.00837258,-0.250000018,0.062500009,,0.006279435,0,0,
merced055-2010.png,488,329,817,40,0.097919217,46,43,0,0,0.102815177,-0.047619043,0.002267573,,0.097919217,0,0,
merced056-2010.png,502,681,1183,10,0.016906171,12,14,0,0,0.016906171,-1.46515E-08,2.14665E-16,,0.016906171,0,0,
merced057-2010.png,477,226,703,11,0.031294452,17,12,0,0,0.031294452,1.10914E-08,1.2302E-16,,0.031294452,0,0,
merced058-2010.png,440,32,472,11,0.046610169,17,13,0,0,0.046610169,1.05449E-08,1.11195E-16,,0.050847458,-0.004237288,1.79546E-05,
merced059-2010.png,655,203,858,22,0.051282051,30,30,0,0,0.060606061,-0.153846159,0.023668641,,0.051282051,0,0,
merced060-2010.png,1006,157,1163,10,0.017196905,15,13,0,0,0.018916595,-0.09090909,0.008264463,,0.017196905,0,0,
merced061-2010.png,898,436,1334,21,0.031484258,32,26,0,0,0.035982009,-0.125,0.015625,,0.031484258,0,0,
merced062-2010.png,1459,270,1729,27,0.031231926,32,30,0,0,0.03470214,-0.100000001,0.01,,0.031231926,0,0,
merced063-2010.png,1310,317,1627,23,0.028272895,39,28,0,0,0.028272895,-3.58647E-09,1.28628E-17,,0.028272895,0,0,
merced064-2010.png,964,643,1607,21,0.026135657,40,33,0,0,0.031113877,-0.160000006,0.025600002,,0.026135657,0,0,
oakland001-2010.png,2989,3138,6127,191,0.062346989,228,227,0,0,0.066590501,-0.063725489,0.004060938,,0.062346989,0,0,
oakland002-2010.png,3766,3458,7224,265,0.073366556,319,316,0,0,0.076688815,-0.043321299,0.001876735,,0.073920266,-0.00055371,3.06595E-07,
oakland003-2010.png,3959,4543,8502,461,0.108445072,551,535,0,0,0.115972712,-0.06490872,0.004213142,,0.108445072,0,0,
oakland004-2010.png,3764,4701,8465,474,0.111990549,537,558,0,0,0.120496161,-0.070588238,0.004982699,,0.111990549,0,0,
oakland005-2010.png,3288,3700,6988,398,0.113909559,440,446,0,0,0.117344018,-0.02926829,0.000856633,,0.113909559,0,0,
oakland006-2010.png,1843,1707,3550,111,0.062535211,125,132,0,0,0.065352113,-0.043103453,0.001857908,,0.062535211,0,0,
oakland007-2010.png,1333,2282,3615,332,0.183679115,355,382,0,0,0.19142462,-0.04046243,0.001637208,,0.183679115,0,0,
oakland008-2010.png,1334,2175,3509,502,0.286121402,533,536,0,0,0.290111143,-0.013752457,0.00018913,,0.286691365,-0.000569963,3.24858E-07,
oakland009-2010.png,2242,2408,4650,122,0.052473118,156,150,0,0,0.057204301,-0.082706766,0.006840409,,0.052473118,0,0,
oakland010-2010.png,3436,4128,7564,392,0.103648863,439,466,0,0,0.112109995,-0.0754717,0.005695978,,0.103648863,0,0,
oakland011-2010.png,3339,4512,7851,210,0.05349637,245,268,0,0,0.057317539,-0.066666664,0.004444444,,0.05349637,0,0,
oakland012-2010.png,3637,4623,8260,233,0.056416465,264,293,0,0,0.060290557,-0.06425703,0.004128966,,0.056416465,0,0,
oakland013-2010.png,2815,2466,5281,40,0.015148646,45,55,0,0,0.018178375,-0.166666653,0.027777773,,0.015148646,0,0,
oakland014-2010.png,1872,2003,3875,141,0.072774194,170,173,0,0,0.080516129,-0.096153846,0.009245562,,0.072774194,0,0,
oakland015-2010.png,2309,3482,5791,487,0.168192022,533,543,0,0,0.174408565,-0.035643564,0.001270464,,0.168192022,0,0,
oakland016-2010.png,1308,2239,3547,362,0.204116154,391,401,0,0,0.211446293,-0.034666668,0.001201778,,0.204116154,0,0,
oakland017-2010.png,2584,2835,5419,176,0.064956634,214,210,0,0,0.069016424,-0.058823534,0.003460208,,0.064956634,0,0,
oakland018-2010.png,3244,4412,7656,407,0.106321839,466,474,0,0,0.112591432,-0.055684458,0.003100759,,0.106583072,-0.000261233,6.82427E-08,
oakland019-2010.png,3565,4477,8042,353,0.087789107,417,411,0,0,0.092265606,-0.048517525,0.00235395,,0.087789107,0,0,
oakland020-2010.png,3304,4192,7496,135,0.03601921,154,181,0,0,0.039220918,-0.081632657,0.006663891,,0.03601921,0,0,
oakland021-2010.png,2134,2743,4877,188,0.077096576,206,251,0,0,0.082017634,-0.060000002,0.0036,,0.077096576,0,0,
oakland022-2010.png,3899,4671,8570,511,0.119253209,578,615,0,0,0.12672112,-0.058931859,0.003472964,,0.119253209,0,0,
oakland023-2010.png,3172,4414,7586,747,0.196941735,797,825,0,0,0.202214606,-0.02607562,0.000679938,,0.196941735,0,0,
oakland024-2010.png,1401,2412,3813,351,0.184107002,389,396,0,0,0.188303173,-0.022284121,0.000496582,,0.184107002,0,0,
oakland025-2010.png,3430,3866,7296,224,0.061403509,271,273,0,0,0.063322368,-0.030303024,0.000918273,,0.061403509,0,0,
oakland026-2010.png,4027,4627,8654,518,0.119713427,574,578,0,0,0.124797781,-0.040740738,0.001659808,,0.119944534,-0.000231107,5.34104E-08,
oakland027-2010.png,2772,3386,6158,166,0.053913608,197,208,0,0,0.058135758,-0.072625693,0.005274491,,0.053913608,0,0,
oakland028-2010.png,2167,2671,4838,155,0.064076064,173,199,0,0,0.068210004,-0.060606059,0.003673094,,0.064076064,0,0,
oakland029-2010.png,3239,4225,7464,343,0.091907824,395,409,0,0,0.096463023,-0.047222227,0.002229939,,0.092175777,-0.000267953,7.17987E-08,
oakland030-2010.png,3254,4182,7436,509,0.13690156,580,607,0,0,0.1457773,-0.060885611,0.003707058,,0.13690156,0,0,
oakland031-2010.png,1321,2602,3923,321,0.163650268,342,365,0,0,0.168748407,-0.030211481,0.000912734,,0.164160082,-0.000509814,2.5991E-07,
oakland032-2010.png,3537,4940,8477,970,0.228854548,1033,1072,0,0,0.236640321,-0.032901297,0.001082495,,0.228854548,0,0,
oakland033-2010.png,3634,4319,7953,237,0.059600151,270,288,0,0,0.064881177,-0.08139535,0.006625203,,0.059600151,0,0,
oakland034-2010.png,3519,5195,8714,359,0.082396144,397,429,0,0,0.086527427,-0.047745357,0.002279619,,0.082396144,0,0,
oakland035-2010.png,3092,3315,6407,242,0.075542376,279,293,0,0,0.080224754,-0.058365757,0.003406562,,0.075542376,0,0,
oakland036-2010.png,2712,3483,6195,205,0.066182405,234,249,0,0,0.070702179,-0.063926938,0.004086653,,0.066505246,-0.000322841,1.04226E-07,
oakland037-2010.png,3748,4846,8594,552,0.128461717,631,641,0,0,0.13427973,-0.043327556,0.001877277,,0.128461717,0,0,
oakland038-2010.png,2501,3545,6046,519,0.171683758,576,594,0,0,0.180615283,-0.04945055,0.002445357,,0.171683758,0,0,
oakland039-2010.png,3403,4958,8361,975,0.233225691,1022,1068,0,0,0.240880277,-0.031777555,0.001009813,,0.233225691,0,0,
oakland040-2010.png,3821,5340,9161,1171,0.255648947,1241,1252,0,0,0.261761816,-0.023352793,0.000545353,,0.255867263,-0.000218317,4.76622E-08,
oakland041-2010.png,3164,4331,7495,246,0.065643763,283,307,0,0,0.070980654,-0.075187973,0.005653231,,0.065910607,-0.000266845,7.1206E-08,
oakland042-2010.png,2940,3654,6594,192,0.058234759,225,231,0,0,0.061571125,-0.054187188,0.002936251,,0.058234759,0,0,
oakland043-2010.png,2594,2647,5241,342,0.130509445,387,388,0,0,0.138141576,-0.055248619,0.00305241,,0.130509445,0,0,
oakland044-2010.png,2818,3468,6286,387,0.123130767,450,455,0,0,0.131403118,-0.062953995,0.003963205,,0.123448934,-0.000318167,1.0123E-07,
oakland045-2010.png,3709,4921,8630,429,0.099420626,491,498,0,0,0.104519119,-0.048780485,0.002379536,,0.099884125,-0.000463499,2.14832E-07,
oakland046-2010.png,3168,4192,7360,443,0.120380435,495,516,0,0,0.125815217,-0.043196541,0.001865941,,0.120380435,0,0,
oakland047-2010.png,2838,4199,7037,758,0.215432713,803,835,0,0,0.222822225,-0.033163264,0.001099802,,0.215432713,0,0,
oakland048-2010.png,3205,4888,8093,936,0.23131101,972,1034,0,0,0.237489188,-0.026014567,0.000676758,,0.231558137,-0.000247127,6.10718E-08,
oakland049-2010.png,3579,3883,7462,203,0.054409006,246,245,0,0,0.057625302,-0.055813961,0.003115198,,0.054409006,0,0,
oakland050-2010.png,1630,2204,3834,88,0.04590506,99,124,0,0,0.051643192,-0.111111103,0.012345677,,0.04590506,0,0,
oakland051-2010.png,1742,2075,3817,150,0.078595756,183,191,0,0,0.084883416,-0.074074071,0.005486968,,0.078595756,0,0,
oakland052-2010.png,1326,1844,3170,133,0.083911672,148,166,0,0,0.088328076,-0.050000003,0.0025,,0.083911672,0,0,
oakland053-2010.png,2159,2586,4745,264,0.111275026,308,319,0,0,0.117597471,-0.053763441,0.002890508,,0.111275026,0,0,
oakland054-2010.png,1849,2493,4342,259,0.119299862,292,304,0,0,0.125748503,-0.051282051,0.002629849,,0.119299862,0,0,
oakland055-2010.png,3001,4104,7105,857,0.241238564,896,940,0,0,0.250246305,-0.035995499,0.001295676,,0.241238564,0,0,
oakland056-2010.png,3496,5191,8687,1057,0.243352135,1121,1138,0,0,0.250028779,-0.0267035,0.000713077,,0.243582364,-0.000230229,5.30054E-08,
oakland057-2010.png,1404,1753,3157,59,0.037377257,67,74,0,0,0.040544821,-0.078124999,0.006103516,,0.037377257,0,0,
oakland058-2010.png,2431,2386,4817,146,0.060618642,176,174,0,0,0.0651858,-0.07006369,0.004908921,,0.060618642,0,0,
oakland059-2010.png,2031,2070,4101,162,0.079005121,191,203,0,0,0.085345038,-0.074285717,0.005518368,,0.079005121,0,0,
oakland060-2010.png,2257,2556,4813,206,0.085601496,233,239,0,0,0.088510285,-0.032863854,0.001080033,,0.085601496,0,0,
oakland061-2010.png,2099,3130,5229,275,0.105182635,314,341,0,0,0.111302352,-0.054982816,0.00302311,,0.105182635,0,0,
oakland062-2010.png,1334,2235,3569,235,0.131689549,259,280,0,0,0.138974503,-0.052419357,0.002747789,,0.131689549,0,0,
oakland063-2010.png,2221,3204,5425,615,0.226728111,658,687,0,0,0.233364055,-0.028436018,0.000808607,,0.226728111,0,0,
oakland064-2010.png,4014,5421,9435,1076,0.22808691,1160,1162,0,0,0.234870164,-0.028880865,0.000834104,,0.22808691,0,0,
petaluma001-2010.png,1518,2032,3550,433,0.243943662,465,483,0,0,0.256338028,-0.048351648,0.002337882,,0.245070423,-0.001126761,1.26959E-06,
petaluma002-2010.png,3415,4385,7800,995,0.255128205,1049,1087,0,0,0.264358974,-0.034917554,0.001219236,,0.255128205,0,0,
petaluma003-2010.png,1406,2487,3893,258,0.132545595,293,321,0,0,0.139737991,-0.051470586,0.002649221,,0.133059337,-0.000513743,2.63931E-07,
petaluma004-2010.png,1390,1657,3047,103,0.067607483,137,140,0,0,0.078765999,-0.141666663,0.020069443,,0.067607483,0,0,
petaluma005-2010.png,1123,1444,2567,62,0.048305415,75,90,0,0,0.051421893,-0.060606056,0.003673094,,0.049084534,-0.00077912,6.07027E-07,
petaluma006-2010.png,718,947,1665,54,0.064864865,64,72,0,0,0.068468468,-0.052631572,0.002770082,,0.064864865,0,0,
petaluma007-2010.png,1610,2162,3772,210,0.111346766,232,255,0,0,0.117179215,-0.049773753,0.002477427,,0.111346766,0,0,
petaluma008-2010.png,1232,2043,3275,102,0.062290076,125,132,0,0,0.070229008,-0.113043483,0.012778829,,0.062900763,-0.000610687,3.72939E-07,
petaluma009-2010.png,3565,4461,8026,1009,0.251432843,1064,1072,0,0,0.256665836,-0.020388349,0.000415685,,0.251432843,0,0,
petaluma010-2010.png,2965,3831,6796,844,0.248381401,894,899,0,0,0.254855798,-0.025404159,0.000645371,,0.248381401,0,0,
petaluma011-2010.png,2666,3794,6460,589,0.182352941,634,655,0,0,0.189783282,-0.039151714,0.001532857,,0.182352941,0,0,
petaluma012-2010.png,779,1512,2291,44,0.038411174,53,68,0,0,0.044522043,-0.137254906,0.018838909,,0.038411174,0,0,
petaluma013-2010.png,798,1501,2299,16,0.013919095,21,28,0,0,0.016528926,-0.157894756,0.024930754,,0.014789039,-0.000869943,7.56802E-07,
petaluma014-2010.png,1345,1961,3306,179,0.108287961,207,221,0,0,0.11615245,-0.067708333,0.004584418,,0.108287961,0,0,
petaluma015-2010.png,952,1561,2513,165,0.131317151,184,193,0,0,0.136888181,-0.040697671,0.0016563,,0.131317151,0,0,
petaluma016-2010.png,1339,1820,3159,151,0.095599873,175,187,0,0,0.101930991,-0.062111803,0.003857876,,0.095599873,0,0,
petaluma017-2010.png,3437,4567,8004,724,0.180909545,786,819,0,0,0.189655172,-0.046113305,0.002126437,,0.181409295,-0.00049975,2.4975E-07,
petaluma018-2010.png,3397,4381,7778,665,0.170995114,727,749,0,0,0.177680638,-0.03762663,0.001415763,,0.17125225,-0.000257136,6.61187E-08,
petaluma019-2010.png,2056,3195,5251,365,0.139021139,401,428,0,0,0.145876976,-0.04699739,0.002208755,,0.139402019,-0.00038088,1.45069E-07,
petaluma020-2010.png,1478,1982,3460,131,0.075722543,160,159,0,0,0.080346821,-0.057553959,0.003312458,,0.075722543,0,0,
petaluma021-2010.png,1517,1790,3307,233,0.140913214,251,266,0,0,0.14756577,-0.04508197,0.002032384,,0.140913214,0,0,
petaluma022-2010.png,2163,2846,5009,540,0.215611899,587,602,0,0,0.223198243,-0.033989266,0.00115527,,0.215611899,0,0,
petaluma023-2010.png,1679,2263,3942,192,0.097412481,221,228,0,0,0.105022831,-0.072463768,0.005250998,,0.097412481,0,0,
petaluma024-2010.png,1921,2616,4537,231,0.101829403,265,280,0,0,0.108882521,-0.064777324,0.004196102,,0.101829403,0,0,
petaluma025-2010.png,2577,3550,6127,551,0.179859638,605,627,0,0,0.18899951,-0.048359238,0.002338616,,0.179859638,0,0,
petaluma026-2010.png,1689,2616,4305,256,0.118931475,290,306,0,0,0.126829268,-0.06227106,0.003877685,,0.118931475,0,0,
petaluma027-2010.png,1227,1649,2876,168,0.116828929,193,205,0,0,0.126564673,-0.076923076,0.00591716,,0.116828929,0,0,
petaluma028-2010.png,1489,2067,3556,138,0.077615298,164,184,0,0,0.087176603,-0.10967742,0.012029136,,0.077615298,0,0,
petaluma029-2010.png,1835,2455,4290,378,0.176223776,428,437,0,0,0.185081585,-0.047858942,0.002290478,,0.176689977,-0.0004662,2.17343E-07,
petaluma030-2010.png,1688,2296,3984,380,0.190763052,410,425,0,0,0.199297189,-0.04282116,0.001833652,,0.190763052,0,0,
petaluma031-2010.png,1246,1883,3129,96,0.061361457,117,135,0,0,0.070310003,-0.127272725,0.016198346,,0.061361457,0,0,
petaluma032-2010.png,2711,3610,6321,200,0.063281126,238,246,0,0,0.067077994,-0.056603774,0.003203987,,0.063281126,0,0,
petaluma033-2010.png,2593,3051,5644,379,0.134301914,430,449,0,0,0.141743444,-0.052499998,0.00275625,,0.134656272,-0.000354359,1.2557E-07,
petaluma034-2010.png,1164,1613,2777,144,0.103709039,160,173,0,0,0.110190853,-0.058823526,0.003460207,,0.103709039,0,0,
petaluma035-2010.png,1790,2128,3918,206,0.105155692,247,245,0,0,0.11281266,-0.067873307,0.004606786,,0.105155692,0,0,
petaluma036-2010.png,1683,2593,4276,163,0.076239476,187,220,0,0,0.085126286,-0.104395602,0.010898442,,0.076239476,0,0,
petaluma037-2010.png,2840,3505,6345,611,0.192592593,660,697,0,0,0.202048857,-0.04680187,0.002190415,,0.192592593,0,0,
petaluma038-2010.png,2642,3573,6215,610,0.196299276,667,677,0,0,0.201448109,-0.025559103,0.000653268,,0.196299276,0,0,
petaluma039-2010.png,3455,4503,7958,306,0.076903745,355,378,0,0,0.081176175,-0.05263158,0.002770083,,0.076903745,0,0,
petaluma040-2010.png,3066,4054,7120,288,0.080898876,334,355,0,0,0.087640449,-0.076923072,0.005917159,,0.081179775,-0.000280899,7.89042E-08,
petaluma041-2010.png,1303,1948,3251,203,0.124884651,220,228,0,0,0.131036604,-0.046948356,0.002204148,,0.124884651,0,0,
petaluma042-2010.png,1729,2453,4182,394,0.18842659,420,444,0,0,0.195121951,-0.034313724,0.001177432,,0.18842659,0,0,
petaluma043-2010.png,1986,2923,4909,406,0.165410471,448,476,0,0,0.175595844,-0.058004638,0.003364538,,0.165410471,0,0,
petaluma044-2010.png,2176,3125,5301,337,0.127145822,371,416,0,0,0.136955291,-0.071625341,0.00513019,,0.127523109,-0.000377287,1.42346E-07,
petaluma045-2010.png,2082,2531,4613,337,0.146108823,369,389,0,0,0.15304574,-0.045325777,0.002054426,,0.146108823,0,0,
petaluma046-2010.png,2552,3426,5978,434,0.145199063,481,497,0,0,0.152559384,-0.048245611,0.002327639,,0.145199063,0,0,
petaluma047-2010.png,3885,5064,8949,519,0.115990613,579,600,0,0,0.122248296,-0.051188301,0.002620242,,0.115990613,0,0,
petaluma048-2010.png,1811,2659,4470,369,0.165100671,407,426,0,0,0.17360179,-0.048969074,0.00239797,,0.165100671,0,0,
petaluma049-2010.png,2021,2825,4846,349,0.144036319,389,407,0,0,0.151052414,-0.046448085,0.002157425,,0.14444903,-0.000412712,1.70331E-07,
petaluma050-2010.png,2065,2953,5018,396,0.157831806,438,463,0,0,0.166201674,-0.050359712,0.002536101,,0.157831806,0,0,
petaluma051-2010.png,2080,2924,5004,468,0.18705036,513,523,0,0,0.193844924,-0.035051546,0.001228611,,0.18745004,-0.00039968,1.59744E-07,
petaluma052-2010.png,1628,2206,3834,167,0.087115284,194,203,0,0,0.092331768,-0.056497171,0.00319193,,0.087636933,-0.000521648,2.72117E-07,
petaluma053-2010.png,1571,1428,2999,82,0.054684895,104,98,0,0,0.057352451,-0.046511631,0.002163332,,0.054684895,0,0,
petaluma054-2010.png,2505,3392,5897,366,0.124130914,412,419,0,0,0.12820078,-0.031746031,0.001007811,,0.124130914,0,0,
petaluma055-2010.png,2539,3373,5912,564,0.190798376,619,637,0,0,0.198917456,-0.040816326,0.001665973,,0.190798376,0,0,
petaluma056-2010.png,2041,2862,4903,357,0.145625127,398,420,0,0,0.154599225,-0.058047494,0.003369512,,0.145625127,0,0,
petaluma057-2010.png,952,1376,2328,141,0.121134021,159,176,0,0,0.134879725,-0.101910827,0.010385817,,0.121993127,-0.000859107,7.38064E-07,
petaluma058-2010.png,2040,2887,4927,381,0.154658007,420,441,0,0,0.161964684,-0.04511278,0.002035163,,0.155063933,-0.000405927,1.64776E-07,
petaluma059-2010.png,1916,2948,4864,393,0.161595395,430,454,0,0,0.167763158,-0.036764706,0.001351644,,0.161595395,0,0,
petaluma060-2010.png,1321,1484,2805,117,0.08342246,143,145,0,0,0.089839572,-0.071428569,0.005102041,,0.08342246,0,0,
petaluma061-2010.png,2235,2453,4688,213,0.090870307,249,260,0,0,0.09940273,-0.085836906,0.007367975,,0.090870307,0,0,
petaluma062-2010.png,2852,3838,6690,452,0.135127055,510,542,0,0,0.143198804,-0.056367431,0.003177287,,0.135127055,0,0,
petaluma063-2010.png,1573,1679,3252,197,0.121156212,234,225,0,0,0.125461255,-0.034313728,0.001177432,,0.121156212,0,0,
petaluma064-2010.png,1714,2169,3883,332,0.171001803,369,367,0,0,0.175122328,-0.023529411,0.000553633,,0.171001803,0,0,
sanjose001-2010.png,4089,4742,8831,288,0.065224776,349,354,0,0,0.071113124,-0.082802545,0.006856261,,0.065224776,0,0,
sanjose002-2010.png,3843,4453,8296,278,0.067020251,345,348,0,0,0.072806172,-0.079470203,0.006315513,,0.067020251,0,0,
sanjose003-2010.png,3427,4393,7820,267,0.068286445,315,324,0,0,0.073401535,-0.069686417,0.004856197,,0.068286445,0,0,
sanjose004-2010.png,2783,3433,6216,473,0.152187902,535,528,0,0,0.157657658,-0.03469388,0.001203665,,0.152187902,0,0,
sanjose005-2010.png,3464,4760,8224,439,0.1067607,488,505,0,0,0.110651751,-0.035164835,0.001236566,,0.1067607,0,0,
sanjose006-2010.png,3075,4312,7387,706,0.191146609,757,769,0,0,0.195749289,-0.023513138,0.000552868,,0.191146609,0,0,
sanjose007-2010.png,2895,3941,6836,701,0.205090696,745,744,0,0,0.209186659,-0.01958042,0.000383393,,0.205383265,-0.000292569,8.55965E-08,
sanjose008-2010.png,1147,2234,3381,358,0.211771665,375,403,0,0,0.220053239,-0.03763441,0.001416349,,0.211771665,0,0,
sanjose009-2010.png,3784,4763,8547,197,0.046098046,241,241,0,0,0.049374049,-0.066350704,0.004402416,,0.046098046,0,0,
sanjose010-2010.png,3486,4553,8039,206,0.051250155,247,264,0,0,0.054484389,-0.059360737,0.003523697,,0.051250155,0,0,
sanjose011-2010.png,4003,4493,8496,261,0.061440678,313,324,0,0,0.066384181,-0.074468088,0.005545496,,0.061440678,0,0,
sanjose012-2010.png,2850,3896,6746,344,0.101986362,403,409,0,0,0.10613697,-0.039106145,0.001529291,,0.101986362,0,0,
sanjose013-2010.png,2897,3797,6694,311,0.092919032,352,375,0,0,0.100687183,-0.077151339,0.005952329,,0.092919032,0,0,
sanjose014-2010.png,2972,4039,7011,515,0.146911995,567,597,0,0,0.156325774,-0.060218979,0.003626325,,0.146911995,0,0,
sanjose015-2010.png,2593,3407,6000,497,0.165666667,536,562,0,0,0.173,-0.04238921,0.001796845,,0.166,-0.000333333,1.11111E-07,
sanjose016-2010.png,1526,2923,4449,372,0.167228591,404,431,0,0,0.174421218,-0.041237112,0.001700499,,0.167228591,0,0,
sanjose017-2010.png,3556,4285,7841,202,0.05152404,252,252,0,0,0.055350083,-0.069124426,0.004778186,,0.05177911,-0.00025507,6.50605E-08,
sanjose018-2010.png,2410,3050,5460,254,0.093040293,293,307,0,0,0.098168498,-0.052238804,0.002728893,,0.093040293,0,0,
sanjose019-2010.png,2999,4055,7054,204,0.057839524,255,254,0,0,0.061241849,-0.055555562,0.00308642,,0.058123051,-0.000283527,8.03876E-08,
sanjose020-2010.png,2843,3908,6751,322,0.095393275,363,377,0,0,0.099837061,-0.044510384,0.001981174,,0.095393275,0,0,
sanjose021-2010.png,3125,4461,7586,381,0.100448194,427,440,0,0,0.105457422,-0.047500004,0.00225625,,0.100448194,0,0,
sanjose022-2010.png,3029,3823,6852,621,0.181260946,684,684,0,0,0.187098657,-0.031201246,0.000973518,,0.181260946,0,0,
sanjose023-2010.png,1215,1776,2991,260,0.173854898,293,297,0,0,0.183216316,-0.051094893,0.002610688,,0.173854898,0,0,
sanjose024-2010.png,1019,2247,3266,185,0.113288426,199,227,0,0,0.118187385,-0.041450776,0.001718167,,0.113288426,0,0,
sanjose025-2010.png,2756,3204,5960,313,0.105033557,363,363,0,0,0.111409396,-0.057228916,0.003275149,,0.105033557,0,0,
sanjose026-2010.png,3509,3989,7498,378,0.100826887,459,436,0,0,0.10536143,-0.043037977,0.001852267,,0.100826887,0,0,
sanjose027-2010.png,3107,3595,6702,356,0.106236944,409,424,0,0,0.115786332,-0.082474223,0.006801998,,0.106236944,0,0,
sanjose028-2010.png,3523,4455,7978,584,0.146402607,652,673,0,0,0.154173978,-0.050406501,0.002540815,,0.146402607,0,0,
sanjose029-2010.png,3476,4812,8288,482,0.116312741,536,551,0,0,0.119932432,-0.030181083,0.000910898,,0.116312741,0,0,
sanjose030-2010.png,2190,2933,5123,468,0.182705446,504,520,0,0,0.187780597,-0.027027025,0.00073046,,0.183095842,-0.000390396,1.52409E-07,
sanjose031-2010.png,1781,2446,4227,453,0.214336409,483,498,0,0,0.22190679,-0.03411514,0.001163843,,0.214336409,0,0,
sanjose032-2010.png,1512,3203,4715,422,0.179003181,440,485,0,0,0.183244963,-0.023148149,0.000535837,,0.179003181,0,0,
sanjose033-2010.png,3542,4048,7590,217,0.057180501,275,267,0,0,0.061660079,-0.072649572,0.00527796,,0.057180501,0,0,
sanjose034-2010.png,3586,3914,7500,422,0.112533333,486,487,0,0,0.1184,-0.04954955,0.002455158,,0.112533333,0,0,
sanjose035-2010.png,3347,4015,7362,429,0.116544417,504,507,0,0,0.12333605,-0.055066079,0.003032273,,0.116816083,-0.000271665,7.3802E-08,
sanjose036-2010.png,3005,4109,7114,414,0.116390216,475,477,0,0,0.120888389,-0.037209302,0.001384532,,0.116390216,0,0,
sanjose037-2010.png,3244,4800,8044,566,0.140726007,611,662,0,0,0.147439085,-0.045531197,0.00207309,,0.140726007,0,0,
sanjose038-2010.png,1161,1945,3106,393,0.253058596,416,437,0,0,0.262073406,-0.034398033,0.001183225,,0.253702511,-0.000643915,4.14627E-07,
sanjose039-2010.png,1406,2189,3595,372,0.206954103,394,406,0,0,0.211961057,-0.023622047,0.000558001,,0.206954103,0,0,
sanjose040-2010.png,2178,3845,6023,553,0.183629421,586,610,0,0,0.187946206,-0.022968197,0.000527538,,0.183629421,0,0,
sanjose041-2010.png,3267,3635,6902,239,0.069255288,289,301,0,0,0.074471168,-0.070038913,0.004905449,,0.069255288,0,0,
sanjose042-2010.png,2688,3498,6186,308,0.099579696,347,366,0,0,0.10604591,-0.060975609,0.003718025,,0.099579696,0,0,
sanjose043-2010.png,3047,3599,6646,510,0.153475775,575,575,0,0,0.160397231,-0.043151967,0.001862092,,0.153475775,0,0,
sanjose044-2010.png,3155,3948,7103,379,0.106715472,437,439,0,0,0.112065325,-0.047738698,0.002278983,,0.106715472,0,0,
sanjose045-2010.png,1081,1723,2804,79,0.056348074,93,113,0,0,0.063480742,-0.112359553,0.012624669,,0.056348074,0,0,
sanjose046-2010.png,730,1526,2256,221,0.195921986,237,256,0,0,0.206560284,-0.051502147,0.002652471,,0.195921986,0,0,
sanjose047-2010.png,1653,2715,4368,459,0.210164835,488,503,0,0,0.21474359,-0.021321963,0.000454626,,0.210164835,0,0,
sanjose048-2010.png,2316,4241,6557,601,0.183315541,637,664,0,0,0.186975751,-0.019575856,0.000383214,,0.183620558,-0.000305018,9.30357E-08,
sanjose049-2010.png,1880,2568,4448,115,0.051708633,142,163,0,0,0.058453237,-0.115384609,0.013313608,,0.051708633,0,0,
sanjose050-2010.png,2725,3625,6350,182,0.057322835,226,233,0,0,0.062677165,-0.085427131,0.007297795,,0.057322835,0,0,
sanjose051-2010.png,3372,4098,7470,406,0.108701473,450,475,0,0,0.115127175,-0.05581395,0.003115197,,0.108701473,0,0,
sanjose052-2010.png,1087,1533,2620,143,0.109160305,162,175,0,0,0.117557252,-0.071428572,0.005102041,,0.109160305,0,0,
sanjose053-2010.png,857,1452,2309,121,0.104807276,141,154,0,0,0.115201386,-0.090225565,0.008140653,,0.104807276,0,0,
sanjose054-2010.png,1426,2007,3433,426,0.248179435,467,473,0,0,0.259248471,-0.04269663,0.001823002,,0.248179435,0,0,
sanjose055-2010.png,1708,2702,4410,453,0.205442177,488,502,0,0,0.211791383,-0.029978586,0.000898716,,0.205895692,-0.000453515,2.05676E-07,
sanjose056-2010.png,1700,2766,4466,465,0.208240036,503,509,0,0,0.21182266,-0.016913319,0.00028606,,0.208240036,0,0,
sanjose057-2010.png,1056,1594,2650,94,0.070943396,109,120,0,0,0.076226415,-0.06930693,0.00480345,,0.070943396,0,0,
sanjose058-2010.png,2569,3857,6426,309,0.096171802,357,372,0,0,0.101151572,-0.049230772,0.002423669,,0.096171802,0,0,
sanjose059-2010.png,2177,3161,5338,224,0.083926564,260,274,0,0,0.091045335,-0.078189297,0.006113566,,0.083926564,0,0,
sanjose060-2010.png,1604,2243,3847,103,0.053548219,118,142,0,0,0.058747076,-0.088495581,0.007831468,,0.053548219,0,0,
sanjose061-2010.png,633,1716,2349,57,0.04853129,66,81,0,0,0.051936994,-0.065573762,0.004299918,,0.04853129,0,0,
sanjose062-2010.png,855,2158,3013,316,0.209757717,330,351,0,0,0.217059409,-0.033639143,0.001131592,,0.209757717,0,0,
sanjose063-2010.png,1720,2594,4314,503,0.233194251,542,534,0,0,0.236439499,-0.013725489,0.000188389,,0.233194251,0,0,
sanjose064-2010.png,1608,3058,4666,610,0.261465924,625,650,0,0,0.26575225,-0.016129031,0.000260146,,0.261465924,0,0,
sanysidro001-2010.png,2929,3887,6816,520,0.15258216,580,592,0,0,0.157276995,-0.029850744,0.000891067,,0.15258216,0,0,
sanysidro002-2010.png,3351,3915,7266,531,0.146160198,592,601,0,0,0.153867327,-0.050089444,0.002508952,,0.146160198,0,0,
sanysidro003-2010.png,2731,3602,6333,200,0.063161219,230,254,0,0,0.068214117,-0.07407408,0.005486969,,0.063161219,0,0,
sanysidro004-2010.png,1731,2318,4049,162,0.080019758,201,218,0,0,0.08989874,-0.109890106,0.012075835,,0.080019758,0,0,
sanysidro005-2010.png,1283,1560,2843,109,0.076679564,132,130,0,0,0.082307422,-0.068376071,0.004675287,,0.076679564,0,0,
sanysidro006-2010.png,666,1372,2038,50,0.049067713,63,67,0,0,0.054955839,-0.107142856,0.011479592,,0.049067713,0,0,
sanysidro007-2010.png,598,1384,1982,42,0.042381433,50,68,0,0,0.049445005,-0.142857142,0.020408163,,0.042381433,0,0,
sanysidro008-2010.png,727,1467,2194,159,0.144940747,177,185,0,0,0.151321787,-0.042168677,0.001778197,,0.144940747,0,0,
sanysidro009-2010.png,2095,2751,4846,455,0.187783739,502,526,0,0,0.198101527,-0.052083333,0.002712674,,0.187783739,0,0,
sanysidro010-2010.png,3881,4405,8286,641,0.154718803,740,724,0,0,0.162684045,-0.048961422,0.002397221,,0.154718803,0,0,
sanysidro011-2010.png,2877,3867,6744,224,0.066429419,267,298,0,0,0.073546856,-0.096774188,0.009365243,,0.066725979,-0.00029656,8.79478E-08,
sanysidro012-2010.png,1634,1958,3592,109,0.060690423,141,136,0,0,0.068485523,-0.113821133,0.01295525,,0.060690423,0,0,
sanysidro013-2010.png,558,698,1256,50,0.079617834,61,60,0,0,0.085987261,-0.074074072,0.005486968,,0.079617834,0,0,
sanysidro014-2010.png,808,1888,2696,99,0.073442136,107,133,0,0,0.077893175,-0.057142856,0.003265306,,0.073442136,0,0,
sanysidro015-2010.png,180,834,1014,8,0.015779093,9,11,0,0,0.015779093,-1.88731E-08,3.56193E-16,,0.015779093,0,0,
sanysidro016-2010.png,291,1649,1940,78,0.080412371,79,92,0,0,0.083505155,-0.037037041,0.001371742,,0.080412371,0,0,
sanysidro017-2010.png,3045,3530,6575,558,0.16973384,624,626,0,0,0.177642586,-0.04452055,0.001982079,,0.16973384,0,0,
sanysidro018-2010.png,4127,4821,8948,520,0.11622709,600,598,0,0,0.120920876,-0.038817004,0.00150676,,0.11622709,0,0,
sanysidro019-2010.png,3574,4596,8170,301,0.073684211,363,359,0,0,0.079559364,-0.073846159,0.005453255,,0.073684211,0,0,
sanysidro020-2010.png,2980,3542,6522,180,0.055197792,206,240,0,0,0.060717571,-0.090909086,0.008264462,,0.055197792,0,0,
sanysidro021-2010.png,2035,2809,4844,134,0.055326177,163,175,0,0,0.059454996,-0.069444446,0.004822531,,0.055326177,0,0,
sanysidro022-2010.png,1085,2054,3139,112,0.071360306,129,146,0,0,0.081554635,-0.124999997,0.015624999,,0.071360306,0,0,
sanysidro023-2010.png,202,764,966,14,0.028985507,15,20,0,0,0.031055901,-0.066666678,0.004444446,,0.028985507,0,0,
sanysidro024-2010.png,146,799,945,33,0.06984127,34,44,0,0,0.071957672,-0.029411765,0.000865052,,0.06984127,0,0,
sanysidro025-2010.png,3607,4474,8081,1044,0.258383863,1118,1124,0,0,0.265313699,-0.026119404,0.000682223,,0.258631358,-0.000247494,6.12533E-08,
sanysidro026-2010.png,3983,4920,8903,516,0.115915983,576,610,0,0,0.121532068,-0.046210722,0.002135431,,0.116140627,-0.000224643,5.04646E-08,
sanysidro027-2010.png,2856,3693,6549,240,0.073293633,284,304,0,0,0.080622996,-0.090909092,0.008264463,,0.073293633,0,0,
sanysidro028-2010.png,3561,4692,8253,459,0.111232279,512,551,0,0,0.119229371,-0.06707317,0.00449881,,0.111232279,0,0,
sanysidro029-2010.png,3078,4189,7267,139,0.038255126,186,202,0,0,0.046511628,-0.177514795,0.031511502,,0.038255126,0,0,
sanysidro030-2010.png,2414,3781,6195,78,0.025181598,110,109,0,0,0.027764326,-0.093023254,0.008653326,,0.025181598,0,0,
sanysidro031-2010.png,210,730,940,8,0.017021277,12,18,0,0,0.023404255,-0.272727263,0.07438016,,0.017021277,0,0,
sanysidro032-2010.png,449,802,1251,55,0.087929656,72,68,0,0,0.09432454,-0.067796607,0.00459638,,0.087929656,0,0,
sanysidro033-2010.png,3226,4010,7236,866,0.239358762,938,957,0,0,0.248479823,-0.036707452,0.001347437,,0.239358762,0,0,
sanysidro034-2010.png,3811,4598,8409,448,0.106552503,508,535,0,0,0.114639077,-0.070539418,0.004975809,,0.106552503,0,0,
sanysidro035-2010.png,3753,4836,8589,261,0.06077541,325,336,0,0,0.065665386,-0.074468086,0.005545496,,0.06077541,0,0,
sanysidro036-2010.png,3148,4433,7581,200,0.052763488,231,249,0,0,0.056984567,-0.074074079,0.005486969,,0.052763488,0,0,
sanysidro037-2010.png,3239,4212,7451,210,0.056368273,253,276,0,0,0.062810361,-0.102564102,0.010519395,,0.056368273,0,0,
sanysidro038-2010.png,1935,3071,5006,99,0.039552537,117,134,0,0,0.043947263,-0.099999994,0.009999999,,0.039552537,0,0,
sanysidro039-2010.png,216,745,961,4,0.008324662,4,6,0,0,0.008324662,-2.27505E-08,5.17584E-16,,0.008324662,0,0,
sanysidro040-2010.png,279,521,800,5,0.0125,8,5,0,0,0.0125,0,0,,0.0125,0,0,
sanysidro041-2010.png,3507,4336,7843,978,0.249394364,1040,1058,0,0,0.256279485,-0.026865672,0.000721764,,0.249649369,-0.000255004,6.50273E-08,
sanysidro042-2010.png,3837,4804,8641,438,0.101377155,502,510,0,0,0.106006249,-0.04366812,0.001906905,,0.101377155,0,0,
sanysidro043-2010.png,3642,5027,8669,212,0.048909909,265,267,0,0,0.053062637,-0.07826087,0.006124764,,0.049140616,-0.000230707,5.32258E-08,
sanysidro044-2010.png,2487,3070,5557,124,0.044628397,153,163,0,0,0.048227461,-0.074626868,0.005569169,,0.044628397,0,0,
sanysidro045-2010.png,596,1094,1690,48,0.056804734,56,66,0,0,0.06035503,-0.058823536,0.003460208,,0.056804734,0,0,
sanysidro046-2010.png,927,1838,2765,11,0.0079566,18,17,0,0,0.0079566,4.54541E-08,2.06607E-15,,0.0079566,0,0,
sanysidro047-2010.png,432,1057,1489,39,0.05238415,45,52,0,0,0.0564137,-0.071428564,0.00510204,,0.05238415,0,0,
sanysidro048-2010.png,640,1130,1770,184,0.207909605,193,201,0,0,0.215819209,-0.036649214,0.001343165,,0.207909605,0,0,
sanysidro049-2010.png,3435,4428,7863,655,0.166603078,718,712,0,0,0.172198906,-0.032496306,0.00105601,,0.166603078,0,0,
sanysidro050-2010.png,3434,4417,7851,397,0.101133614,447,468,0,0,0.10699274,-0.054761907,0.002998866,,0.101133614,0,0,
sanysidro051-2010.png,3232,4407,7639,197,0.051577432,238,238,0,0,0.056028276,-0.079439253,0.006310595,,0.051577432,0,0,
sanysidro052-2010.png,1819,2814,4633,164,0.07079646,184,202,0,0,0.077271746,-0.083798881,0.007022252,,0.07079646,0,0,
sanysidro053-2010.png,177,960,1137,12,0.021108179,16,20,0,0,0.024626209,-0.142857132,0.02040816,,0.021108179,0,0,
sanysidro054-2010.png,635,1655,2290,15,0.013100437,18,22,0,0,0.013973799,-0.062499992,0.003906249,,0.013100437,0,0,
sanysidro055-2010.png,879,1435,2314,35,0.030250648,42,56,0,0,0.034572169,-0.12499999,0.015624997,,0.030250648,0,0,
sanysidro056-2010.png,947,1701,2648,227,0.171450151,246,253,0,0,0.179003021,-0.042194092,0.001780341,,0.172205438,-0.000755287,5.70458E-07,
sanysidro057-2010.png,3255,4405,7660,793,0.207049608,848,894,0,0,0.218015666,-0.050299402,0.00253003,,0.207310705,-0.000261097,6.81714E-08,
sanysidro058-2010.png,4302,5361,9663,369,0.076373797,446,449,0,0,0.080099348,-0.046511628,0.002163331,,0.076373797,0,0,
sanysidro059-2010.png,3754,4984,8738,232,0.053101396,292,291,0,0,0.056305791,-0.056910572,0.003238813,,0.053101396,0,0,
sanysidro060-2010.png,2901,4120,7021,168,0.047856431,207,210,0,0,0.050420168,-0.050847456,0.002585464,,0.047856431,0,0,
sanysidro061-2010.png,1911,3185,5096,140,0.054945055,169,180,0,0,0.058477237,-0.060402684,0.003648484,,0.054945055,0,0,
sanysidro062-2010.png,472,1857,2329,30,0.02576213,32,49,0,0,0.027479605,-0.062500001,0.00390625,,0.02576213,0,0,
sanysidro063-2010.png,1423,2064,3487,77,0.044164038,91,109,0,0,0.049899627,-0.114942525,0.013211784,,0.044164038,0,0,
sanysidro064-2010.png,2693,3711,6404,564,0.176139913,613,640,0,0,0.183947533,-0.042444823,0.001801563,,0.176452217,-0.000312305,9.75343E-08,
yuba001-2010.png,2187,3703,5890,154,0.05229202,178,201,0,0,0.056706282,-0.077844314,0.006059737,,0.052631579,-0.000339559,1.153E-07,
yuba002-2010.png,2821,4520,7341,617,0.16809699,670,710,0,0,0.175452936,-0.041925468,0.001757745,,0.16809699,0,0,
yuba003-2010.png,1403,2424,3827,251,0.131173243,280,293,0,0,0.138489679,-0.052830191,0.002791029,,0.131173243,0,0,
yuba004-2010.png,2289,3116,5405,401,0.148381129,452,465,0,0,0.156521739,-0.052009455,0.002704983,,0.148381129,0,0,
yuba005-2010.png,432,505,937,81,0.172892209,100,97,0,0,0.183564568,-0.058139536,0.003380206,,0.172892209,0,0,
yuba006-2010.png,1074,1476,2550,119,0.093333333,154,150,0,0,0.101176471,-0.077519384,0.006009255,,0.093333333,0,0,
yuba007-2010.png,847,949,1796,101,0.11247216,127,133,0,0,0.130289532,-0.136752135,0.018701146,,0.113585746,-0.001113586,1.24007E-06,
yuba008-2010.png,470,413,883,28,0.063420159,37,38,0,0,0.070215176,-0.096774199,0.009365246,,0.063420159,0,0,
yuba009-2010.png,2386,4137,6523,168,0.051510041,196,221,0,0,0.054576115,-0.05617977,0.003156167,,0.051816649,-0.000306607,9.40081E-08,
yuba010-2010.png,3008,4599,7607,778,0.204548442,820,846,0,0,0.210595504,-0.028714107,0.0008245,,0.204548442,0,0,
yuba011-2010.png,2183,3049,5232,382,0.146024465,414,440,0,0,0.153287462,-0.047381548,0.002245011,,0.146024465,0,0,
yuba012-2010.png,3032,4028,7060,576,0.163172805,637,654,0,0,0.169688385,-0.038397327,0.001474355,,0.163172805,0,0,
yuba013-2010.png,1586,2321,3907,270,0.138213463,302,309,0,0,0.148963399,-0.072164948,0.00520778,,0.138213463,0,0,
yuba014-2010.png,665,869,1534,101,0.131681877,131,130,0,0,0.144719687,-0.09009009,0.008116224,,0.131681877,0,0,
yuba015-2010.png,735,958,1693,97,0.114589486,115,125,0,0,0.128765505,-0.110091743,0.012120192,,0.114589486,0,0,
yuba016-2010.png,982,462,1444,32,0.04432133,43,39,0,0,0.048476454,-0.08571428,0.007346938,,0.04432133,0,0,
yuba017-2010.png,2010,2982,4992,251,0.100560897,289,309,0,0,0.105769231,-0.049242426,0.002424817,,0.100961538,-0.000400641,1.60513E-07,
yuba018-2010.png,3076,4574,7650,827,0.21620915,887,910,0,0,0.224313725,-0.036130534,0.001305415,,0.216470588,-0.000261438,6.83498E-08,
yuba019-2010.png,2724,3919,6643,592,0.178232726,657,664,0,0,0.18485624,-0.035830621,0.001283833,,0.178232726,0,0,
yuba020-2010.png,1218,2099,3317,289,0.174253844,323,342,0,0,0.188724751,-0.076677315,0.005879411,,0.174253844,0,0,
yuba021-2010.png,1147,1853,3000,207,0.138,234,256,0,0,0.148,-0.067567568,0.004565376,,0.138,0,0,
yuba022-2010.png,790,1104,1894,114,0.120380148,133,142,0,0,0.127771911,-0.057851237,0.003346766,,0.120380148,0,0,
yuba023-2010.png,501,938,1439,69,0.095899931,83,90,0,0,0.102849201,-0.067567569,0.004565376,,0.097289785,-0.001389854,1.93169E-06,
yuba024-2010.png,1111,724,1835,63,0.06866485,81,67,0,0,0.070844687,-0.030769236,0.000946746,,0.06866485,0,0,
yuba025-2010.png,2470,3961,6431,214,0.066552636,242,267,0,0,0.07121754,-0.065502183,0.004290536,,0.067174623,-0.000621987,3.86868E-07,
yuba026-2010.png,1641,2936,4577,331,0.144636225,361,390,0,0,0.153375574,-0.05698006,0.003246727,,0.144636225,0,0,
yuba027-2010.png,2639,3371,6010,495,0.164725458,543,555,0,0,0.171048253,-0.036964981,0.00136641,,0.165058236,-0.000332779,1.10742E-07,
yuba028-2010.png,1622,2541,4163,384,0.184482344,418,430,0,0,0.192649532,-0.042394017,0.001797253,,0.184482344,0,0,
yuba029-2010.png,934,1920,2854,195,0.136650315,221,242,0,0,0.147862649,-0.075829384,0.005750096,,0.137351086,-0.000700771,4.9108E-07,
yuba030-2010.png,1392,1970,3362,139,0.082688876,170,183,0,0,0.092801904,-0.108974363,0.011875412,,0.082688876,0,0,
yuba031-2010.png,1228,1660,2888,135,0.093490305,150,167,0,0,0.101108033,-0.075342464,0.005676487,,0.093490305,0,0,
yuba032-2010.png,994,621,1615,43,0.053250774,59,55,0,0,0.058204334,-0.085106377,0.007243095,,0.054489164,-0.00123839,1.53361E-06,
yuba033-2010.png,740,1318,2058,100,0.09718173,113,131,0,0,0.105928086,-0.082568811,0.006817609,,0.09718173,0,0,
yuba034-2010.png,818,1589,2407,152,0.126298297,165,189,0,0,0.137931034,-0.084337346,0.007112788,,0.126298297,0,0,
yuba035-2010.png,1338,1736,3074,356,0.231620039,386,399,0,0,0.245933637,-0.058201058,0.003387363,,0.231620039,0,0,
yuba036-2010.png,570,773,1343,109,0.162323157,125,131,0,0,0.174236783,-0.068376067,0.004675286,,0.16381236,-0.001489203,2.21773E-06,
yuba037-2010.png,1793,2551,4344,259,0.119244936,294,308,0,0,0.124769797,-0.04428044,0.001960757,,0.119244936,0,0,
yuba038-2010.png,2070,2864,4934,203,0.082286178,241,257,0,0,0.089177138,-0.077272725,0.005971074,,0.082691528,-0.000405351,1.64309E-07,
yuba039-2010.png,1772,2644,4416,204,0.092391304,241,263,0,0,0.10009058,-0.07692308,0.00591716,,0.092391304,0,0,
yuba040-2010.png,1710,2155,3865,110,0.056921087,133,140,0,0,0.061060802,-0.067796609,0.00459638,,0.057438551,-0.000517464,2.67769E-07,
yuba041-2010.png,654,1225,1879,82,0.087280468,99,105,0,0,0.097924428,-0.108695653,0.011814745,,0.087280468,0,0,
yuba042-2010.png,989,1972,2961,157,0.106045255,179,188,0,0,0.112124282,-0.054216865,0.002939468,,0.106720702,-0.000675447,4.56229E-07,
yuba043-2010.png,1009,1204,2213,148,0.133755084,172,194,0,0,0.152733845,-0.124260352,0.015440635,,0.133755084,0,0,
yuba044-2010.png,468,442,910,85,0.186813187,100,107,0,0,0.204395604,-0.086021504,0.007399699,,0.186813187,0,0,
yuba045-2010.png,856,1129,1985,163,0.164231738,189,193,0,0,0.174307305,-0.057803469,0.003341241,,0.164231738,0,0,
yuba046-2010.png,1631,2006,3637,151,0.083035469,171,196,0,0,0.091833929,-0.095808383,0.009179246,,0.083585373,-0.000549904,3.02394E-07,
yuba047-2010.png,2249,3190,5439,291,0.107004964,353,362,0,0,0.118404118,-0.096273289,0.009268546,,0.107004964,0,0,
yuba048-2010.png,2247,3038,5285,200,0.075685904,237,246,0,0,0.082876064,-0.086757987,0.007526948,,0.075685904,0,0,
yuba049-2010.png,1290,1726,3016,160,0.106100796,192,201,0,0,0.120689655,-0.12087912,0.014611762,,0.106763926,-0.00066313,4.39741E-07,
yuba050-2010.png,1064,1794,2858,211,0.147655703,241,250,0,0,0.158852344,-0.07048458,0.004968076,,0.147655703,0,0,
yuba051-2010.png,1111,1444,2555,199,0.155772994,221,239,0,0,0.168297456,-0.074418605,0.005538129,,0.156555773,-0.000782779,6.12743E-07,
yuba052-2010.png,372,509,881,66,0.149829739,73,84,0,0,0.172531215,-0.13157895,0.01731302,,0.149829739,0,0,
yuba053-2010.png,712,824,1536,83,0.108072917,104,107,0,0,0.119791667,-0.097826089,0.009569944,,0.109375,-0.001302083,1.69542E-06,
yuba054-2010.png,862,929,1791,129,0.144053601,160,163,0,0,0.156337242,-0.07857143,0.00617347,,0.144053601,0,0,
yuba055-2010.png,1124,1579,2703,139,0.102848687,167,188,0,0,0.115427303,-0.108974359,0.011875411,,0.102848687,0,0,
yuba056-2010.png,1999,2996,4995,391,0.156556557,432,448,0,0,0.162962963,-0.03931204,0.001545436,,0.156556557,0,0,
yuba057-2010.png,1408,1966,3374,133,0.078838174,163,173,0,0,0.087729698,-0.101351355,0.010272097,,0.078838174,0,0,
yuba058-2010.png,850,1217,2067,93,0.089985486,117,117,0,0,0.099661345,-0.097087379,0.009425959,,0.089985486,0,0,
yuba059-2010.png,1041,1588,2629,184,0.139977178,206,227,0,0,0.152149106,-0.079999999,0.0064,,0.139977178,0,0,
yuba060-2010.png,661,894,1555,109,0.140192926,133,136,0,0,0.15562701,-0.099173556,0.009835394,,0.1414791,-0.001286174,1.65424E-06,
yuba061-2010.png,589,609,1198,121,0.202003339,140,149,0,0,0.225375626,-0.103703704,0.010754458,,0.202003339,0,0,
yuba062-2010.png,1504,2005,3509,155,0.088344258,198,205,0,0,0.098033628,-0.098837211,0.009768794,,0.088914221,-0.000569963,3.24858E-07,
yuba063-2010.png,799,888,1687,125,0.148192057,152,155,0,0,0.161232958,-0.080882353,0.006541955,,0.148192057,0,0,
yuba064-2010.png,2444,3235,5679,462,0.162704702,505,523,0,0,0.168339496,-0.033472801,0.001120428,,0.163056876,-0.000352175,1.24027E-07,